image,IoU_ConvNeXt,IoU_ResNet,pixels,score_convnext,score_resnet,score_diff
guatemala-volcano_00000004_pre_disaster.png,0.5201173512154234,0.38254377388676564,8264.0,4298.249790444259,3161.3417474002313,1136.9080430440276
guatemala-volcano_00000012_pre_disaster.png,0.6211849192100538,0.42188552188552186,2331.0,1447.9820466786355,983.4151515151515,464.566895163484
guatemala-volcano_00000014_pre_disaster.png,0.6273525721455459,0.4747126436781609,719.0,451.06649937264746,341.3183908045977,109.74810856804976
guatemala-volcano_00000020_pre_disaster.png,0.8025580528995405,0.766931378537976,21230.0,17038.307463057245,16281.95316636123,756.354296696014
guatemala-volcano_00000022_pre_disaster.png,0.010309278350515464,0.01023391812865497,638.0,6.577319587628866,6.529239766081871,0.04807982154699442
hurricane-florence_00000006_pre_disaster.png,0.8092138613459862,0.7730392641677382,45449.0,36777.96078431373,35133.86151715953,1644.0992671541972
hurricane-florence_00000009_pre_disaster.png,0.5216308306896957,0.3905970181457268,37491.0,19556.461473387382,14643.872807301443,4912.58866608594
hurricane-florence_00000010_pre_disaster.png,0.6989716696452114,0.6364678899082569,30279.0,21164.163185187357,19271.61123853211,1892.5519466552469
hurricane-florence_00000011_pre_disaster.png,0.7079743957884661,0.476332911226584,29594.0,20951.794268963866,14096.596174839528,6855.198094124338
hurricane-florence_00000014_pre_disaster.png,0.8472305104974773,0.8205927678027453,52470.0,44454.184885802635,43056.50252661004,1397.6823591925931
hurricane-florence_00000017_pre_disaster.png,0.6663811722648395,0.5004566380258326,46424.0,30936.07954122291,23233.198963711253,7702.880577511656
hurricane-florence_00000021_pre_disaster.png,0.8894176581089542,0.8858729179518815,7478.0,6651.06524733876,6624.55768044417,26.507566894590127
hurricane-florence_00000025_pre_disaster.png,0.0,0.0,0.0,0.0,0.0,0.0
hurricane-florence_00000033_pre_disaster.png,0.7232228791420322,0.6085519727618666,43528.0,31480.445483294377,26489.050270378528,4991.39521291585
hurricane-florence_00000034_pre_disaster.png,0.7060968199311323,0.6224260958205913,4653.0,3285.4685031395584,2896.148623853211,389.31987928634726
hurricane-florence_00000035_pre_disaster.png,0.49042433345850545,0.2901428073841867,2512.0,1231.9459256477658,728.8387321490769,503.10719349868884
hurricane-florence_00000038_pre_disaster.png,0.5371536523929471,0.2296774193548387,2908.0,1562.0428211586902,667.901935483871,894.1408856748193
hurricane-florence_00000040_pre_disaster.png,0.7317241379310345,0.6405135520684736,1273.0,931.484827586207,815.3737517831669,116.11107580304008
hurricane-florence_00000041_pre_disaster.png,0.8658857979502196,0.84,3271.0,2832.312445095168,2747.64,84.67244509516831
hurricane-florence_00000047_pre_disaster.png,0.7509754028837998,0.6571100917431193,5763.0,4327.871246819338,3786.9254587155965,540.9457881037415
hurricane-florence_00000050_pre_disaster.png,0.840392156862745,0.7513247539742619,2274.0,1911.0517647058823,1708.5124905374716,202.53927416841066
hurricane-florence_00000052_pre_disaster.png,0.6381376241013351,0.6183539694100509,2527.0,1612.5737761040739,1562.5804806991987,49.9932954048752
hurricane-florence_00000068_pre_disaster.png,0.4489100817438692,0.3546511627906977,1270.0,570.1158038147139,450.40697674418607,119.70882707052783
hurricane-florence_00000071_pre_disaster.png,0.5771604938271605,0.6879535558780842,626.0,361.3024691358025,430.6589259796807,69.35645684387822
hurricane-florence_00000074_pre_disaster.png,0.4205761316872428,0.21539792387543252,1098.0,461.7925925925926,236.5069204152249,225.2856721773677
hurricane-florence_00000081_pre_disaster.png,0.7669753086419753,0.5855472901168969,1836.0,1408.1666666666665,1075.0648246546227,333.1018420120438
hurricane-florence_00000089_pre_disaster.png,0.7752205600306866,0.629822732012513,2268.0,1758.2002301495972,1428.4379562043796,329.76227394521766
hurricane-florence_00000090_pre_disaster.png,0.6239575435936315,0.5947955390334573,1288.0,803.6573161485974,766.096654275093,37.56066187350439
hurricane-florence_00000097_pre_disaster.png,0.5600333518621456,0.6201956673654787,2387.0,1336.7996108949417,1480.4070580013977,143.607447106456
hurricane-florence_00000098_pre_disaster.png,0.5182724252491694,0.4,283.0,146.67109634551494,113.2,33.47109634551494
hurricane-florence_00000105_pre_disaster.png,0.8823529411764706,0.8723404255319149,221.0,195.0,192.7872340425532,2.2127659574468055
hurricane-florence_00000107_pre_disaster.png,0.9281221922731356,0.9088319088319088,5290.0,4909.766397124888,4807.720797720797,102.04559940409035
hurricane-florence_00000108_pre_disaster.png,0.0,0.0,0.0,0.0,0.0,0.0
hurricane-florence_00000109_pre_disaster.png,0.6284779050736498,0.5095486111111112,1042.0,654.873977086743,530.9496527777778,123.9243243089652
hurricane-florence_00000121_pre_disaster.png,0.7018633540372671,0.3629764065335753,321.0,225.29813664596273,116.51542649727767,108.78271014868506
hurricane-florence_00000124_pre_disaster.png,0.5835694050991501,0.4146153846153846,1183.0,690.3626062322946,490.49,199.87260623229463
hurricane-florence_00000130_pre_disaster.png,0.041176470588235294,0.0,274.0,11.28235294117647,0.0,11.28235294117647
hurricane-florence_00000134_pre_disaster.png,0.46617238183503246,0.41356877323420077,1033.0,481.55607043558854,427.2165427509294,54.33952768465912
hurricane-florence_00000137_pre_disaster.png,0.687089715536105,0.625,394.0,270.71334792122536,246.25,24.463347921225363
hurricane-florence_00000154_pre_disaster.png,0.2962962962962963,0.24175824175824176,22.0,6.518518518518518,5.318681318681318,1.1998371998371997
hurricane-florence_00000155_pre_disaster.png,0.4032258064516129,0.3764705882352941,1820.0,733.8709677419355,685.1764705882352,48.69449715370024
hurricane-florence_00000157_pre_disaster.png,0.7322456813819578,0.4259818731117825,950.0,695.6333973128599,404.6827794561934,290.9506178566665
hurricane-florence_00000161_pre_disaster.png,0.7439162422184493,0.6964686098654709,3474.0,2584.365025466893,2419.531950672646,164.83307479424684
hurricane-florence_00000162_pre_disaster.png,0.5747663551401869,0.48599269183922045,774.0,444.86915887850466,376.1583434835566,68.71081539494804
hurricane-florence_00000170_pre_disaster.png,0.716915995397008,0.6890151515151515,2311.0,1656.7928653624856,1592.3140151515152,64.47885021097045
hurricane-florence_00000175_pre_disaster.png,0.8530715642811906,0.7904884318766067,1492.0,1272.7827739075362,1179.4087403598971,93.3740335476391
hurricane-florence_00000198_pre_disaster.png,0.0,0.0,0.0,0.0,0.0,0.0
hurricane-florence_00000201_pre_disaster.png,0.5346416889681832,0.48436129786612103,3049.0,1630.1225096639905,1476.817597193803,153.30491247018745
hurricane-florence_00000202_pre_disaster.png,0.7143984939576122,0.5916671377692351,14960.0,10687.401469605878,8851.340381027756,1836.0610885781225
hurricane-florence_00000205_pre_disaster.png,0.7771509167842031,0.7498181818181818,1243.0,965.9985895627644,932.024,33.974589562764436
hurricane-florence_00000206_pre_disaster.png,0.0,0.0,48.0,0.0,0.0,0.0
hurricane-florence_00000207_pre_disaster.png,0.7208624708624709,0.48129359543436906,1486.0,1071.2016317016319,715.2022828154725,355.9993488861594
hurricane-florence_00000209_pre_disaster.png,0.7413541159279103,0.6303204208512674,1897.0,1406.3487579152459,1195.7178383548542,210.6309195603917
hurricane-florence_00000213_pre_disaster.png,0.7296416938110749,0.6684427222087672,3650.0,2663.1921824104234,2439.815936062,223.37624634842314
hurricane-florence_00000214_pre_disaster.png,0.6827628361858191,0.6180397511758459,24299.0,16590.45415647922,15017.747913821879,1572.7062426573411
hurricane-florence_00000220_pre_disaster.png,0.09666666666666666,0.0,49.0,4.736666666666666,0.0,4.736666666666666
hurricane-florence_00000223_pre_disaster.png,0.8695993715632364,0.7681708352380331,13212.0,11489.14689709348,10149.073075164893,1340.0738219285868
hurricane-florence_00000227_pre_disaster.png,0.5688094685541889,0.5116065272351183,4214.0,2396.963100487352,2155.9099057687886,241.05319471856365
hurricane-florence_00000230_pre_disaster.png,0.7200865136398521,0.6535362578334826,13538.0,9748.531221656318,8847.573858549687,900.9573631066305
hurricane-florence_00000234_pre_disaster.png,0.32330246913580246,0.28984375,1278.0,413.18055555555554,370.4203125,42.76024305555552
hurricane-florence_00000236_pre_disaster.png,0.7054468535166578,0.5559895833333334,3433.0,2421.799048122686,1908.7122395833335,513.0868085393527
hurricane-florence_00000238_pre_disaster.png,0.0,0.0,0.0,0.0,0.0,0.0
hurricane-florence_00000239_pre_disaster.png,0.671760391198044,0.574719800747198,1508.0,1013.0146699266503,866.6774595267746,146.33721039987574
hurricane-florence_00000241_pre_disaster.png,0.7675765095119934,0.6842669525596354,3168.0,2431.682382133995,2167.757705708925,263.9246764250697
hurricane-florence_00000243_pre_disaster.png,0.7084592145015106,0.6134529147982063,2945.0,2086.412386706949,1806.6188340807175,279.7935526262313
hurricane-florence_00000246_pre_disaster.png,0.6419098143236074,0.5977337110481586,340.0,218.24933687002653,203.22946175637395,15.019875113652574
hurricane-florence_00000248_pre_disaster.png,0.7750179985601152,0.6226752503576538,2687.0,2082.4733621310297,1673.1283977110159,409.34496442001387
hurricane-florence_00000250_pre_disaster.png,0.4461942257217848,0.01589825119236884,629.0,280.65616797900265,10.0,270.65616797900265
hurricane-florence_00000254_pre_disaster.png,0.619351669941061,0.46258503401360546,3036.0,1880.3516699410611,1404.4081632653063,475.94350667575486
hurricane-florence_00000257_pre_disaster.png,0.7219570405727923,0.6292885102463734,7486.0,5404.570405727924,4710.853787704352,693.7166180235718
hurricane-florence_00000258_pre_disaster.png,0.7179144385026738,0.5889542779538253,2010.0,1443.0080213903743,1183.7980986871887,259.2099227031856
hurricane-florence_00000261_pre_disaster.png,0.6171428571428571,0.4325068870523416,344.0,212.29714285714283,148.7823691460055,63.51477371113734
hurricane-florence_00000270_pre_disaster.png,0.0,0.0,0.0,0.0,0.0,0.0
hurricane-florence_00000271_pre_disaster.png,0.3446808510638298,0.3220338983050847,224.0,77.20851063829787,72.13559322033898,5.072917417958891
hurricane-florence_00000280_pre_disaster.png,0.8575970928912106,0.7723020762035135,4266.0,3658.509198273904,3294.6406570841887,363.8685411897154
hurricane-florence_00000281_pre_disaster.png,0.0,0.0,0.0,0.0,0.0,0.0
hurricane-florence_00000283_pre_disaster.png,0.725567976920303,0.5795061158550657,7611.0,5522.297872340426,4410.6210477729055,1111.6768245675203
hurricane-florence_00000287_pre_disaster.png,0.7056213017751479,0.5135520684736091,612.0,431.84023668639054,314.2938659058488,117.54637078054174
hurricane-florence_00000291_pre_disaster.png,0.0,0.0,0.0,0.0,0.0,0.0
hurricane-florence_00000295_pre_disaster.png,0.42022116903633494,0.4090338770388959,568.0,238.68562401263824,232.33124215809286,6.35438185454538
hurricane-florence_00000299_pre_disaster.png,0.7948625180897251,0.7419904567143831,2534.0,2014.1816208393634,1880.2038173142469,133.97780352511654
hurricane-florence_00000305_pre_disaster.png,0.6999490575649516,0.5879560219890055,3561.0,2492.518593988793,2093.711394302849,398.80719968594394
hurricane-florence_00000311_pre_disaster.png,0.5719844357976653,0.4453227931488801,1419.0,811.6459143968871,631.9130434782609,179.7328709186262
hurricane-florence_00000322_pre_disaster.png,0.533207130462218,0.42379958246346555,5726.0,3053.1440290266605,2426.6764091858035,626.467619840857
hurricane-florence_00000327_pre_disaster.png,0.5918843283582089,0.40610756608933457,1946.0,1151.8069029850747,790.285323609845,361.52157937522963
hurricane-florence_00000339_pre_disaster.png,0.7326968973747017,0.5928696085764149,3291.0,2411.305489260143,1951.1338818249815,460.1716074351616
hurricane-florence_00000348_pre_disaster.png,0.7117661126390051,0.6237212660970033,14496.0,10317.761568815018,9041.463473342159,1276.2980954728591
hurricane-florence_00000351_pre_disaster.png,0.652839170350221,0.5735956908871056,8239.0,5378.741924515471,4725.854897218863,652.8870272966078
hurricane-florence_00000352_pre_disaster.png,0.7419700214132763,0.6482540119842964,13130.0,9742.066381156317,8511.575177353812,1230.491203802505
hurricane-florence_00000354_pre_disaster.png,0.7393018840368044,0.6430408688196627,6216.0,4595.500511172776,3997.1420405830236,598.3584705897524
hurricane-florence_00000358_pre_disaster.png,0.6783510568465275,0.6334400854016546,6190.0,4198.993041880005,3920.9941286362423,277.9989132437627
hurricane-florence_00000367_pre_disaster.png,0.6594101123595506,0.5271512838306731,10497.0,6921.827949438202,5533.507026370576,1388.3209230676266
hurricane-florence_00000373_pre_disaster.png,0.5538865940668419,0.44027565084226644,2354.0,1303.8490424333459,1036.4088820826953,267.44016035065056
hurricane-florence_00000383_pre_disaster.png,0.656635349383441,0.5210347858847169,5947.0,3905.010422783324,3098.593871656411,806.416551126913
hurricane-florence_00000385_pre_disaster.png,0.8397069912743725,0.7569346021461835,8663.0,7274.381665409889,6557.324458392387,717.0572070175022
hurricane-florence_00000391_pre_disaster.png,0.8116970926301555,0.6667828511676542,2620.0,2126.6463826910076,1746.971070059254,379.6753126317535
hurricane-florence_00000402_pre_disaster.png,0.7048414023372287,0.4109449354180829,2853.0,2010.9125208681135,1172.4259007477906,838.4866201203229
hurricane-florence_00000412_pre_disaster.png,0.7294675338992394,0.5171391879877507,8523.0,6217.251791423217,4407.577299219599,1809.6744922036178
hurricane-florence_00000413_pre_disaster.png,0.6969036197121675,0.6398564492294702,3927.0,2736.7405146096817,2512.7162761241293,224.02423848555236
hurricane-florence_00000422_pre_disaster.png,0.0,0.0,0.0,0.0,0.0,0.0
hurricane-florence_00000429_pre_disaster.png,0.17507418397626112,0.0,332.0,58.124629080118694,0.0,58.124629080118694
hurricane-florence_00000430_pre_disaster.png,0.7703189715453714,0.6790909861303353,65704.0,50613.03770641708,44618.99415270755,5994.043553709533
hurricane-florence_00000432_pre_disaster.png,0.5941011235955056,0.5429992892679459,1075.0,638.6587078651685,583.7242359630419,54.934471902126575
hurricane-florence_00000439_pre_disaster.png,0.8167904903417533,0.6714326565627681,6070.0,4957.918276374443,4075.596225336002,882.3220510384408
hurricane-florence_00000440_pre_disaster.png,0.7244525547445255,0.6155234657039711,518.0,375.2664233576642,318.84115523465704,56.425268123007186
hurricane-florence_00000447_pre_disaster.png,0.7059426229508197,0.6750861079219288,760.0,536.516393442623,513.0654420206658,23.450951421957143
hurricane-florence_00000458_pre_disaster.png,0.7884021342319573,0.661266013564431,12067.0,9513.648553777028,7979.49698568199,1534.1515680950379
hurricane-florence_00000463_pre_disaster.png,0.4923469387755102,0.42,311.0,153.11989795918367,130.62,22.49989795918367
hurricane-florence_00000465_pre_disaster.png,0.8071401822494071,0.6552588555858311,6851.0,5529.717388590688,4489.178419618529,1040.5389689721587
hurricane-florence_00000479_pre_disaster.png,0.7146791517488296,0.5454545454545454,3209.0,2293.405397961994,1750.3636363636363,543.0417615983577
hurricane-florence_00000487_pre_disaster.png,0.9151301518438177,0.903174179781275,3484.0,3188.313449023861,3146.658842357962,41.65460666589888
hurricane-florence_00000489_pre_disaster.png,0.2845198885229288,0.15665505226480836,1153.0,328.0514314669369,180.62327526132404,147.42815620561285
hurricane-florence_00000495_pre_disaster.png,0.7976878612716763,0.7167207792207793,1049.0,836.7745664739884,751.8400974025974,84.93446907139105
hurricane-florence_00000499_pre_disaster.png,0.7433247200689062,0.6972704714640199,1074.0,798.3307493540052,748.8684863523573,49.4622630016479
hurricane-florence_00000502_pre_disaster.png,0.6463595839524517,0.46864686468646866,618.0,399.45022288261515,289.6237623762376,109.82646050637754
hurricane-florence_00000505_pre_disaster.png,0.6111558058460713,0.49421806167400884,3356.0,2051.0388844194154,1658.5958149779738,392.4430694414416
hurricane-florence_00000511_pre_disaster.png,0.882035247299602,0.8464741810105497,3229.0,2848.091813530415,2733.265130483065,114.82668304734989
hurricane-florence_00000518_pre_disaster.png,0.5126835781041389,0.38524590163934425,724.0,371.18291054739655,278.91803278688525,92.2648777605113
hurricane-florence_00000520_pre_disaster.png,0.9140161314868361,0.931252408477842,12586.0,11503.80703089332,11720.742813102119,216.93578220879863
hurricane-florence_00000521_pre_disaster.png,0.6333333333333333,0.0,28.0,17.733333333333334,0.0,17.733333333333334
hurricane-florence_00000524_pre_disaster.png,0.6740511620130413,0.6466831303755429,10198.0,6873.973750208995,6594.874563569787,279.0991866392078
hurricane-florence_00000532_pre_disaster.png,0.3581973076672953,0.782131196200653,5955.0,2133.0649671587435,4657.591273374888,2524.526306216145
hurricane-florence_00000534_pre_disaster.png,0.7958271236959762,0.7187442964044534,4927.0,3921.040238450075,3541.2531483847415,379.78709006533336
hurricane-florence_00000539_pre_disaster.png,0.5894916702263989,0.5177157148812005,2209.0,1302.1870995301151,1143.6340141725718,158.5530853575433
hurricane-harvey_00000004_pre_disaster.png,0.6916816575998613,0.6235549922423024,85333.0,59023.27088796897,53209.81815301239,5813.452734956576
hurricane-harvey_00000005_pre_disaster.png,0.6145730606776697,0.5119718047215903,50488.0,31028.56468749419,25848.43247678365,5180.132210710537
hurricane-harvey_00000013_pre_disaster.png,0.7840128005769275,0.7817223237772527,73736.0,57809.967863340324,57641.07726603951,168.890597300815
hurricane-harvey_00000014_pre_disaster.png,0.8384634422748766,0.8032277772120965,74451.0,62424.44174080683,59801.1112412178,2623.3304995890358
hurricane-harvey_00000021_pre_disaster.png,0.7488561976490462,0.6950722233741101,25226.0,18890.646441894838,17533.891906835303,1356.7545350595356
hurricane-harvey_00000027_pre_disaster.png,0.621001300390117,0.504644165358451,13283.0,8248.760273081925,6703.188448456305,1545.5718246256201
hurricane-harvey_00000031_pre_disaster.png,0.5075862068965518,0.49174078780177893,611.0,310.1351724137931,300.4536213468869,9.681551066906195
hurricane-harvey_00000032_pre_disaster.png,0.7028057749931899,0.4602226445832202,3607.0,2535.020430400436,1660.0230790116752,874.9973513887608
hurricane-harvey_00000034_pre_disaster.png,0.6578715919085312,0.6997319034852547,1094.0,719.7115215479331,765.5067024128687,45.79518086493556
hurricane-harvey_00000038_pre_disaster.png,0.29582747304266294,0.27913403961308153,1977.0,584.8509142053447,551.8479963150622,33.00291789028245
hurricane-harvey_00000050_pre_disaster.png,0.4889867841409692,0.2878787878787879,205.0,100.24229074889868,59.01515151515152,41.22713923374716
hurricane-harvey_00000065_pre_disaster.png,0.7581227436823105,0.6301824212271974,504.0,382.0938628158845,317.6119402985075,64.48192251737703
hurricane-harvey_00000067_pre_disaster.png,0.6111111111111112,0.49482758620689654,532.0,325.11111111111114,263.24827586206897,61.86283524904218
hurricane-harvey_00000074_pre_disaster.png,0.0,0.09571382533032549,3092.0,0.0,295.9471479213664,295.9471479213664
hurricane-harvey_00000083_pre_disaster.png,0.5365155131264916,0.533751962323391,1835.0,984.5059665871121,979.4348508634224,5.0711157236896724
hurricane-harvey_00000086_pre_disaster.png,0.7718231135952655,0.6924173796342895,10498.0,8102.599046523097,7268.997651400771,833.6013951223258
hurricane-harvey_00000087_pre_disaster.png,0.759620303529813,0.6955895070625541,15110.0,11477.862786335474,10510.357451715192,967.5053346202822
hurricane-harvey_00000095_pre_disaster.png,0.8136302243565694,0.7712061395417481,51476.0,41882.429428978765,39698.60723905102,2183.8221899277414
hurricane-harvey_00000102_pre_disaster.png,0.7441832061068703,0.6652988902359415,27646.0,20573.688916030536,18392.853119462838,2180.8357965676987
hurricane-harvey_00000106_pre_disaster.png,0.6457142857142857,0.5549242424242424,519.0,335.12571428571425,288.0056818181818,47.12003246753244
hurricane-harvey_00000110_pre_disaster.png,0.8057482656095144,0.6824596774193549,945.0,761.4321110009911,644.9243951612904,116.50771583970072
hurricane-harvey_00000117_pre_disaster.png,0.7738988383349468,0.6938543359432708,60020.0,46449.408276863505,41645.13724331512,4804.271033548386
hurricane-harvey_00000121_pre_disaster.png,0.7615675165250236,0.6390821613619541,12138.0,9243.906515580737,7757.179274611399,1486.7272409693378
hurricane-harvey_00000124_pre_disaster.png,0.07621736062103035,0.056716417910447764,500.0,38.108680310515176,28.358208955223883,9.750471355291292
hurricane-harvey_00000125_pre_disaster.png,0.7914904903811649,0.6717190795479586,59229.0,46879.190254786015,39785.24936254604,7093.940892239974
hurricane-harvey_00000140_pre_disaster.png,0.7568614576493762,0.6705352612886859,12641.0,9567.485686145765,8476.23623795028,1091.2494481954855
hurricane-harvey_00000148_pre_disaster.png,0.8076142544037666,0.7177899686520376,22102.0,17849.89025083205,15864.593887147335,1985.2963636847144
hurricane-harvey_00000149_pre_disaster.png,0.7698519680407823,0.6914199328933299,71824.0,55293.847752561145,49660.54526013053,5633.3024924306155
hurricane-harvey_00000175_pre_disaster.png,0.825243635562133,0.764783846581798,57342.0,47321.12055040383,43854.23533069346,3466.8852197103697
hurricane-harvey_00000181_pre_disaster.png,0.770162373598977,0.6645029673590505,82705.0,63696.27910850339,54957.717915430265,8738.561193073125
hurricane-harvey_00000183_pre_disaster.png,0.7283524904214559,0.6229994454546627,70923.0,51656.94367816092,44184.98966998104,7471.954008179877
hurricane-harvey_00000184_pre_disaster.png,0.8155645367337933,0.7359252003144027,77491.0,63198.91151603837,57027.57969756338,6171.331818474995
hurricane-harvey_00000188_pre_disaster.png,0.9106558450058908,0.866487663586968,44621.0,40634.37446000786,38663.5460369141,1970.828423093757
hurricane-harvey_00000190_pre_disaster.png,0.6721326409765874,0.5389173175329922,10239.0,6881.966110959279,5517.974414220307,1363.9916967389718
hurricane-harvey_00000193_pre_disaster.png,0.7212822913507312,0.5795131450827653,68380.0,49321.283082563,39627.108860759494,9694.174221803507
hurricane-harvey_00000198_pre_disaster.png,0.7407706340870142,0.6129066918812052,81659.0,60490.589208911486,50049.34755232733,10441.241656584156
hurricane-harvey_00000199_pre_disaster.png,0.7394840157038699,0.5779082177161152,3408.0,2520.1615255187885,1969.5112059765206,550.6503195422679
hurricane-harvey_00000201_pre_disaster.png,0.8010344827586207,0.7398030179813861,51717.0,41427.10034482759,38260.39268094335,3166.707663884241
hurricane-harvey_00000209_pre_disaster.png,0.7281349068918667,0.6389366031553078,35737.0,26021.35716759464,22833.677386961233,3187.679780633407
hurricane-harvey_00000215_pre_disaster.png,0.8328633296404472,0.7708469904022321,55027.0,45829.97044012489,42417.39734086363,3412.573099261259
hurricane-harvey_00000219_pre_disaster.png,0.0,0.0,0.0,0.0,0.0,0.0
hurricane-harvey_00000229_pre_disaster.png,0.6551226551226551,0.5394045534150613,3030.0,1985.0216450216449,1634.395796847636,350.625848174009
hurricane-harvey_00000234_pre_disaster.png,0.4360385144429161,0.3212520593080725,2861.0,1247.506189821183,919.1021416803954,328.4040481407875
hurricane-harvey_00000236_pre_disaster.png,0.6377062738765704,0.541177376506372,23827.0,15194.627387657043,12894.633350017326,2299.994037639717
hurricane-harvey_00000240_pre_disaster.png,0.7644491469382357,0.707825579131789,46113.0,35251.043512762866,32639.960930504185,2611.082582258681
hurricane-harvey_00000247_pre_disaster.png,0.7503507082932196,0.6688730986410181,32610.0,24468.93659744189,21811.9517466836,2656.98485075829
hurricane-harvey_00000253_pre_disaster.png,0.7572232287594164,0.6539402722672305,38613.0,29238.660532087346,25250.59573305457,3988.0647990327743
hurricane-harvey_00000256_pre_disaster.png,0.731814567058053,0.6405234616591224,19637.0,14370.642653318988,12577.959216600188,1792.6834367188003
hurricane-harvey_00000263_pre_disaster.png,0.07142857142857142,0.0,574.0,41.0,0.0,41.0
hurricane-harvey_00000279_pre_disaster.png,0.8529676258992805,0.8411284335560505,6507.0,5550.260341726618,5473.22271714922,77.03762457739776
hurricane-harvey_00000282_pre_disaster.png,0.7513327804762469,0.694962139859812,37281.0,28010.43738893496,25908.88353611365,2101.5538528213074
hurricane-harvey_00000290_pre_disaster.png,0.4603174603174603,0.44803695150115475,295.0,135.79365079365078,132.17090069284066,3.622750100810123
hurricane-harvey_00000293_pre_disaster.png,0.748359869556877,0.6085633480113127,23713.0,17745.857586802227,14430.862671392259,3314.9949154099686
hurricane-harvey_00000295_pre_disaster.png,0.7401166558651977,0.6393846153846154,1469.0,1087.2313674659754,939.2560000000001,147.9753674659753
hurricane-harvey_00000296_pre_disaster.png,0.5102920057443753,0.3321718931475029,2085.0,1063.9588319770226,692.5783972125436,371.380434764479
hurricane-harvey_00000306_pre_disaster.png,0.7377049180327869,0.7647987371744278,1191.0,878.6065573770493,910.8752959747435,32.26873859769421
hurricane-harvey_00000311_pre_disaster.png,0.5904887714663144,0.2718707940780619,742.0,438.14266842800527,201.72812920592193,236.41453922208333
hurricane-harvey_00000321_pre_disaster.png,0.7590072057646117,0.8036421219319082,1203.0,913.0856685348278,966.7814726840855,53.6958041492577
hurricane-harvey_00000322_pre_disaster.png,0.0,0.0,0.0,0.0,0.0,0.0
hurricane-harvey_00000334_pre_disaster.png,0.470960929250264,0.11730769230769231,823.0,387.60084477296726,96.54423076923077,291.0566140037365
hurricane-harvey_00000343_pre_disaster.png,0.7491687724431441,0.6754198275303118,12755.0,9555.647692512302,8614.979900149126,940.667792363176
hurricane-harvey_00000349_pre_disaster.png,0.7122125758291257,0.6315595314949737,48662.0,34657.68836499692,30732.949921608408,3924.738443388509
hurricane-harvey_00000350_pre_disaster.png,0.8284663508624652,0.7690643385841716,44800.0,37115.292518638445,34454.08236857089,2661.2101500675562
hurricane-harvey_00000352_pre_disaster.png,0.8881183963211008,0.8351372686606438,52419.0,46554.27821675578,43777.06048592229,2777.217730833494
hurricane-harvey_00000359_pre_disaster.png,0.7725644088039584,0.6332009668508287,20424.0,15778.855485412047,12932.496546961325,2846.3589384507213
hurricane-harvey_00000362_pre_disaster.png,0.5966055605044774,0.539893490561552,35572.0,21222.45299826527,19205.091246255528,2017.3617520097432
hurricane-harvey_00000363_pre_disaster.png,0.6467582604746225,0.5512835609985869,14158.0,9156.803451799706,7805.072656617993,1351.730795181713
hurricane-harvey_00000371_pre_disaster.png,0.6924264732287141,0.6067703500241268,22746.0,15749.932560060332,13801.59838164879,1948.3341784115419
hurricane-harvey_00000372_pre_disaster.png,0.6755451824401368,0.5706484763848605,48030.0,32446.43511259977,27408.24632076485,5038.18879183492
hurricane-harvey_00000376_pre_disaster.png,0.6492739447746595,0.5360205500618047,45069.0,29262.127417049127,24157.910170735475,5104.217246313652
hurricane-harvey_00000383_pre_disaster.png,0.8827773739331772,0.7600846921659746,34993.0,30891.02864604367,26597.64363296395,4293.385013079718
hurricane-harvey_00000385_pre_disaster.png,0.6843458627754317,0.5399622020362129,42284.0,28936.880461596356,22831.761750899226,6105.11871069713
hurricane-harvey_00000386_pre_disaster.png,0.8508262934835168,0.7819228770998095,64872.0,55194.8033108627,50724.90088321884,4469.902427643858
hurricane-harvey_00000395_pre_disaster.png,0.803445517094245,0.7868841333755598,82811.0,66534.12671609153,65162.66196896349,1371.4647471280405
hurricane-harvey_00000399_pre_disaster.png,0.7274678111587983,0.45236913917142146,7848.0,5709.167381974249,3550.193004217316,2158.9743777569333
hurricane-harvey_00000401_pre_disaster.png,0.6727299579097644,0.5911095693542792,33092.0,22261.979767149925,19560.997869071805,2700.98189807812
hurricane-harvey_00000403_pre_disaster.png,0.8612007513727001,0.8037183749498951,77117.0,66413.21834360852,61980.34992101106,4432.8684225974575
hurricane-harvey_00000404_pre_disaster.png,0.7125906956892872,0.583651624181324,73797.0,52587.05556978233,43071.738909709165,9515.316660073164
hurricane-harvey_00000405_pre_disaster.png,0.8695525798821313,0.8936798521409617,88273.0,76758.01488393538,78887.80158803912,2129.786704103739
hurricane-harvey_00000409_pre_disaster.png,0.8273547839014548,0.7527929022321526,88451.0,73180.35799086757,66585.28499533613,6595.0729955314455
hurricane-harvey_00000414_pre_disaster.png,0.6642316138573926,0.5527956003666361,21166.0,14059.126338905571,11700.47167736022,2358.6546615453517
hurricane-harvey_00000417_pre_disaster.png,0.7481462779387142,0.6710268416181194,63675.0,47638.21424774763,42727.634140033755,4910.580107713875
hurricane-harvey_00000421_pre_disaster.png,0.6074061662198391,0.5369171206358996,23614.0,14343.28920911528,12678.760886696133,1664.528322419148
hurricane-harvey_00000447_pre_disaster.png,0.6411233894706365,0.5391941208818677,33607.0,21546.23374993968,18120.69682047693,3425.5369294627526
hurricane-harvey_00000449_pre_disaster.png,0.884804556044525,0.7505371210312723,3763.0,3329.5195443955477,2824.271186440678,505.2483579548698
hurricane-harvey_00000450_pre_disaster.png,0.6043639449705199,0.5434029795244846,37351.0,22573.59770859389,20296.644688219025,2276.9530203748654
hurricane-harvey_00000457_pre_disaster.png,0.707252664340281,0.599849388636769,43949.0,31083.04734509101,26362.780781197358,4720.266563893652
hurricane-harvey_00000459_pre_disaster.png,0.8270830569820545,0.7700942034490618,50169.0,41493.929885732694,38634.85609283598,2859.0737928967137
hurricane-harvey_00000475_pre_disaster.png,0.6782819152038257,0.573263468246902,57308.0,38870.97999650084,32852.58283829346,6018.397158207379
hurricane-harvey_00000487_pre_disaster.png,0.8462234738006638,0.5369252343346372,63081.0,53380.62295081967,33869.78070706325,19510.842243756422
hurricane-harvey_00000490_pre_disaster.png,0.7946935914453177,0.7081055564861202,62578.0,49730.33556546509,44311.82951378843,5418.506051676661
hurricane-harvey_00000497_pre_disaster.png,0.7711560805577072,0.7024534132409401,17601.0,13573.118173896206,12363.882526453786,1209.2356474424196
hurricane-harvey_00000503_pre_disaster.png,0.7750489219224072,0.7090544360353789,50239.0,38937.68278845981,35622.1858119814,3315.496976478411
hurricane-harvey_00000513_pre_disaster.png,0.8042498390212492,0.7183789083778189,8819.0,7092.679330328398,6335.383592983985,757.2957373444124
hurricane-harvey_00000518_pre_disaster.png,0.6078990228013029,0.6127553147144643,2354.0,1430.994299674267,1442.426010837849,11.431711163581895
hurricane-matthew_00000012_pre_disaster.png,0.581317565549782,0.5053494813447021,12909.0,7504.228453682135,6523.55645467876,980.6719990033753
hurricane-matthew_00000015_pre_disaster.png,0.3877551020408163,0.43820224719101125,81.0,31.408163265306122,35.49438202247191,4.086218757165788
hurricane-matthew_00000020_pre_disaster.png,0.4154063060753653,0.27782131661442006,7068.0,2936.0917713406816,1963.641065830721,972.4507055099607
hurricane-matthew_00000024_pre_disaster.png,0.5489907536850367,0.465365089908431,34336.0,18850.14651852942,15978.775727095886,2871.370791433532
hurricane-matthew_00000025_pre_disaster.png,0.37628865979381443,0.11937612477504499,1544.0,580.9896907216495,184.31673665266945,396.67295406898006
hurricane-matthew_00000026_pre_disaster.png,0.6026585337783404,0.47672023073753605,15638.0,9424.374151225687,7454.950968273589,1969.4231829520986
hurricane-matthew_00000032_pre_disaster.png,0.6615289483327226,0.6133850163151786,33312.0,22036.852326859655,20433.08166349123,1603.7706633684247
hurricane-matthew_00000036_pre_disaster.png,0.5605721949038891,0.4875746216854089,4978.0,2790.52838623156,2427.1464667499654,363.38191948159465
hurricane-matthew_00000038_pre_disaster.png,0.561492231017297,0.48698032253291906,10524.0,5909.144239226033,5124.98091433644,784.1633248895932
hurricane-matthew_00000046_pre_disaster.png,0.6106612685560054,0.5219737856592136,4253.0,2597.142375168691,2219.9545104086355,377.1878647600556
hurricane-matthew_00000047_pre_disaster.png,0.6823081165087482,0.6016547898034339,17342.0,11832.587356494712,10433.89736477115,1398.6899917235623
hurricane-matthew_00000055_pre_disaster.png,0.5977337110481586,0.3627730294396961,977.0,583.985835694051,354.4292497625831,229.55658593146796
hurricane-matthew_00000058_pre_disaster.png,0.6445556946182729,0.5819567979669632,731.0,471.1702127659575,425.4104193138501,45.759793452107374
hurricane-matthew_00000059_pre_disaster.png,0.36818851251840945,0.3989290495314592,585.0,215.39027982326954,233.3734939759036,17.983214152634076
hurricane-matthew_00000061_pre_disaster.png,0.5290559772296015,0.3462406015037594,6156.0,3256.868595825427,2131.457142857143,1125.4114529682838
hurricane-matthew_00000068_pre_disaster.png,0.599004424778761,0.4688985736925515,13086.0,7838.571902654867,6136.006735340729,1702.5651673141374
hurricane-matthew_00000073_pre_disaster.png,0.6282761166482097,0.5135868315784634,16088.0,10107.706164636398,8262.58494643432,1845.121218202079
hurricane-matthew_00000074_pre_disaster.png,0.6909448818897638,0.6411290322580645,446.0,308.16141732283467,285.94354838709677,22.217868935737897
hurricane-matthew_00000081_pre_disaster.png,0.6666666666666666,0.5760976813024173,39614.0,26409.333333333332,22821.53354711396,3587.7997862193733
hurricane-matthew_00000087_pre_disaster.png,0.6177174227101994,0.5683033162607731,74565.0,46060.09962438601,42375.53677698455,3684.5628474014666
hurricane-matthew_00000088_pre_disaster.png,0.6428800822146573,0.5249834247483576,12599.0,8099.646155822467,6614.266168404557,1485.3799874179103
hurricane-matthew_00000091_pre_disaster.png,0.6154725609756098,0.5069854082583048,2167.0,1333.7290396341464,1098.6373796957466,235.09165993839974
hurricane-matthew_00000098_pre_disaster.png,0.5962917747596521,0.47656279894389103,72059.0,42968.18899740577,34340.638729097845,8627.550268307925
hurricane-matthew_00000106_pre_disaster.png,0.613013698630137,0.5661634913871813,52771.0,32349.345890410958,29877.013603992942,2472.3322864180154
hurricane-matthew_00000107_pre_disaster.png,0.6040848389630793,0.5266230498238551,17540.0,10595.648075412411,9236.968293910419,1358.6797815019927
hurricane-matthew_00000109_pre_disaster.png,0.0,0.0,0.0,0.0,0.0,0.0
hurricane-matthew_00000117_pre_disaster.png,0.8524590163934426,0.762214983713355,293.0,249.77049180327867,223.32899022801303,26.441501575265647
hurricane-matthew_00000123_pre_disaster.png,0.5266429840142096,0.28980742132456555,4747.0,2499.974245115453,1375.7158290277127,1124.2584160877402
hurricane-matthew_00000124_pre_disaster.png,0.5750806451612903,0.246938603158517,11046.0,6352.3408064516125,2727.683810488979,3624.6569959626336
hurricane-matthew_00000127_pre_disaster.png,0.5583916873729388,0.29211341434357874,3646.0,2035.8960921617347,1065.045508696688,970.8505834650466
hurricane-matthew_00000131_pre_disaster.png,0.4348781989270952,0.22442366447551151,9332.0,4058.2833523876525,2094.3216368854733,1963.9617155021792
hurricane-matthew_00000138_pre_disaster.png,0.12643678160919541,0.0,149.0,18.839080459770116,0.0,18.839080459770116
hurricane-matthew_00000141_pre_disaster.png,0.45177165354330706,0.16376306620209058,788.0,355.996062992126,129.0452961672474,226.9507668248786
hurricane-matthew_00000142_pre_disaster.png,0.590878604963112,0.4551959114139693,2592.0,1531.5573440643861,1179.8678023850084,351.6895416793777
hurricane-matthew_00000144_pre_disaster.png,0.2777777777777778,0.01812688821752266,321.0,89.16666666666667,5.818731117824774,83.3479355488419
hurricane-matthew_00000148_pre_disaster.png,0.6495705876676638,0.5891435230141775,36266.0,23557.326932355496,21365.87900563216,2191.4479267233364
hurricane-matthew_00000151_pre_disaster.png,0.2935267857142857,0.11187214611872145,837.0,245.68191964285714,93.63698630136986,152.04493334148728
hurricane-matthew_00000157_pre_disaster.png,0.42178770949720673,0.01281085154483798,1279.0,539.4664804469274,16.385079125847778,523.0814013210796
hurricane-matthew_00000161_pre_disaster.png,0.4997263273125342,0.022350396539293438,1381.0,690.1220580186097,30.865897620764237,659.2561603978454
hurricane-matthew_00000191_pre_disaster.png,0.4825174825174825,0.0066555740432612314,601.0,289.993006993007,4.0,285.993006993007
hurricane-matthew_00000194_pre_disaster.png,0.35300546448087433,0.014492753623188406,751.0,265.1071038251366,10.884057971014492,254.22304585412212
hurricane-matthew_00000196_pre_disaster.png,0.3757828810020877,0.07142857142857142,321.0,120.62630480167014,22.928571428571427,97.69773337309871
hurricane-matthew_00000199_pre_disaster.png,0.2831858407079646,0.0,511.0,144.7079646017699,0.0,144.7079646017699
hurricane-matthew_00000201_pre_disaster.png,0.4907749077490775,0.23674911660777384,214.0,105.02583025830259,50.6643109540636,54.36151930423899
hurricane-matthew_00000203_pre_disaster.png,0.4842259721203228,0.22305529522024367,951.0,460.498899486427,212.12558575445172,248.37331373197526
hurricane-matthew_00000214_pre_disaster.png,0.2990249187432286,0.0,856.0,255.9653304442037,0.0,255.9653304442037
hurricane-matthew_00000216_pre_disaster.png,0.5265734265734265,0.13567438148443736,1215.0,639.7867132867133,164.84437350359138,474.9423397831219
hurricane-matthew_00000217_pre_disaster.png,0.572562358276644,0.011320754716981131,786.0,450.0340136054422,8.89811320754717,441.13590039789506
hurricane-matthew_00000218_pre_disaster.png,0.4125111308993767,0.10688781386777241,4341.0,1790.710819234194,464.0,1326.710819234194
hurricane-matthew_00000220_pre_disaster.png,0.49828178694158076,0.0,746.0,371.7182130584192,0.0,371.7182130584192
hurricane-matthew_00000224_pre_disaster.png,0.3930131004366812,0.0,497.0,195.32751091703057,0.0,195.32751091703057
hurricane-matthew_00000229_pre_disaster.png,0.5518248175182482,0.0,598.0,329.9912408759124,0.0,329.9912408759124
hurricane-matthew_00000230_pre_disaster.png,0.35684647302904565,0.0,443.0,158.08298755186723,0.0,158.08298755186723
hurricane-matthew_00000235_pre_disaster.png,0.4583529411764706,0.046052631578947366,1793.0,821.8268235294117,82.57236842105263,739.2544551083591
hurricane-matthew_00000240_pre_disaster.png,0.5300668151447662,0.0,427.0,226.33853006681517,0.0,226.33853006681517
hurricane-matthew_00000246_pre_disaster.png,0.5372881355932203,0.059873949579831935,939.0,504.51355932203387,56.221638655462186,448.2919206665717
hurricane-matthew_00000247_pre_disaster.png,0.47187822497420023,0.12373668396612947,3624.0,1710.0866873065017,448.4217426932532,1261.6649446132485
hurricane-matthew_00000253_pre_disaster.png,0.4357894736842105,0.0,451.0,196.54105263157894,0.0,196.54105263157894
hurricane-matthew_00000254_pre_disaster.png,0.5520251396648045,0.09195402298850575,2293.0,1265.7936452513966,210.85057471264366,1054.9430705387529
hurricane-matthew_00000255_pre_disaster.png,0.4982164090368609,0.0,727.0,362.20332936979787,0.0,362.20332936979787
hurricane-matthew_00000258_pre_disaster.png,0.2916666666666667,0.0,294.0,85.75,0.0,85.75
hurricane-matthew_00000266_pre_disaster.png,0.3555878084179971,0.08279220779220779,3046.0,1083.1204644412192,252.18506493506493,830.9353995061542
hurricane-matthew_00000280_pre_disaster.png,0.09009009009009009,0.0,111.0,10.0,0.0,10.0
hurricane-matthew_00000282_pre_disaster.png,0.41096394407652687,0.20363062352012629,2499.0,1026.9988962472407,508.8729281767956,518.1259680704452
hurricane-matthew_00000288_pre_disaster.png,0.38169257340241797,0.0,529.0,201.9153713298791,0.0,201.9153713298791
hurricane-matthew_00000290_pre_disaster.png,0.6112,0.0,514.0,314.1568,0.0,314.1568
hurricane-matthew_00000292_pre_disaster.png,0.08808973935994721,0.03914373088685015,2982.0,262.6836027713626,116.72660550458716,145.95699726677543
hurricane-matthew_00000294_pre_disaster.png,0.39819004524886875,0.0,565.0,224.97737556561086,0.0,224.97737556561086
hurricane-matthew_00000299_pre_disaster.png,0.42857142857142855,0.0,409.0,175.28571428571428,0.0,175.28571428571428
hurricane-matthew_00000300_pre_disaster.png,0.5245253164556962,0.2049335863377609,964.0,505.64240506329116,197.55597722960152,308.08642783368964
hurricane-matthew_00000308_pre_disaster.png,0.5,0.16951147733961153,1648.0,824.0,279.3549146556798,544.6450853443203
hurricane-matthew_00000309_pre_disaster.png,0.3900709219858156,0.04198062432723358,929.0,362.3758865248227,39.0,323.3758865248227
hurricane-matthew_00000313_pre_disaster.png,0.5631417959362027,0.384581351620396,7553.0,4253.409984706139,2904.7429487888508,1348.667035917288
hurricane-matthew_00000315_pre_disaster.png,0.4885057471264368,0.03302752293577982,1089.0,531.9827586206897,35.966972477064225,496.0157861436254
hurricane-matthew_00000323_pre_disaster.png,0.3963210702341137,0.17162872154115585,502.0,198.95317725752508,86.15761821366024,112.79555904386484
hurricane-matthew_00000326_pre_disaster.png,0.38414634146341464,0.0,225.0,86.4329268292683,0.0,86.4329268292683
hurricane-matthew_00000327_pre_disaster.png,0.4849808847624249,0.023100303951367782,1639.0,794.8836701256145,37.86139817629179,757.0222719493227
hurricane-matthew_00000330_pre_disaster.png,0.3563501849568434,0.2914147521160822,788.0,280.8039457459926,229.63482466747277,51.16912107851985
hurricane-matthew_00000333_pre_disaster.png,0.4896373056994819,0.017587939698492462,365.0,178.71761658031087,6.419597989949748,172.29801859036112
hurricane-matthew_00000339_pre_disaster.png,0.5520555258942872,0.1574307304785894,1565.0,863.9668980245594,246.37909319899242,617.587804825567
hurricane-matthew_00000342_pre_disaster.png,0.2712765957446808,0.06367041198501873,798.0,216.4787234042553,50.80898876404495,165.66973464021035
hurricane-matthew_00000344_pre_disaster.png,0.4692622950819672,0.0023121387283236996,864.0,405.44262295081967,1.9976878612716764,403.444935089548
hurricane-matthew_00000351_pre_disaster.png,0.4373920228348231,0.29605467055104445,53144.0,23244.761661533837,15733.529411764706,7511.232249769131
hurricane-matthew_00000356_pre_disaster.png,0.0,0.0,0.0,0.0,0.0,0.0
hurricane-matthew_00000357_pre_disaster.png,0.2790224032586558,0.0,439.0,122.49083503054989,0.0,122.49083503054989
hurricane-matthew_00000359_pre_disaster.png,0.2184557438794727,0.04016227180527383,2359.0,515.3370998116761,94.74279918864097,420.59430062303517
hurricane-matthew_00000371_pre_disaster.png,0.4469882801853366,0.2669523099850969,2430.0,1086.1815208503679,648.6941132637854,437.48740758658244
hurricane-matthew_00000374_pre_disaster.png,0.5044510385756676,0.0,730.0,368.2492581602374,0.0,368.2492581602374
hurricane-matthew_00000377_pre_disaster.png,0.3684210526315789,0.0691747572815534,799.0,294.36842105263156,55.27063106796116,239.09778998467038
hurricane-matthew_00000386_pre_disaster.png,0.0,0.0,0.0,0.0,0.0,0.0
hurricane-matthew_00000389_pre_disaster.png,0.0,0.0,0.0,0.0,0.0,0.0
hurricane-matthew_00000391_pre_disaster.png,0.34057971014492755,0.0,129.0,43.934782608695656,0.0,43.934782608695656
hurricane-matthew_00000403_pre_disaster.png,0.5884353741496599,0.3146322971948446,1249.0,734.9557823129252,392.9757391963609,341.9800431165643
hurricane-matthew_00000404_pre_disaster.png,0.0,0.0,0.0,0.0,0.0,0.0
hurricane-michael_00000002_pre_disaster.png,0.6136363636363636,0.4802139037433155,737.0,452.25,353.91764705882355,98.33235294117645
hurricane-michael_00000006_pre_disaster.png,0.8073226544622426,0.7681478222613286,2017.0,1628.3697940503434,1549.3541575010997,79.01563654924371
hurricane-michael_00000007_pre_disaster.png,0.1382716049382716,0.0,218.0,30.143209876543207,0.0,30.143209876543207
hurricane-michael_00000023_pre_disaster.png,0.5481873727087576,0.5491485415612881,21939.0,12026.682769857433,12047.7698533131,21.087083455668107
hurricane-michael_00000026_pre_disaster.png,0.559478672985782,0.506096739423336,24325.0,13609.318720379148,12310.803186472647,1298.5155339065004
hurricane-michael_00000027_pre_disaster.png,0.5856434199007878,0.45630461922596754,2835.0,1660.2990954187335,1293.623595505618,366.6754999131156
hurricane-michael_00000033_pre_disaster.png,0.6381578947368421,0.4435569755058573,3391.0,2163.9934210526317,1504.101703940362,659.8917171122696
hurricane-michael_00000037_pre_disaster.png,0.7259023729611965,0.6727016223841994,16604.0,12052.883000647707,11169.537738067247,883.3452625804603
hurricane-michael_00000054_pre_disaster.png,0.6379310344827587,0.39154539154539153,1154.0,736.1724137931035,451.84338184338185,284.32903194972164
hurricane-michael_00000055_pre_disaster.png,0.7002705444707473,0.643973693777058,26745.0,18728.735711870137,17223.076440067416,1505.6592718027205
hurricane-michael_00000062_pre_disaster.png,0.8796296296296297,0.5972222222222222,504.0,443.33333333333337,301.0,142.33333333333337
hurricane-michael_00000063_pre_disaster.png,0.6612238669311765,0.586189692161852,17421.0,11519.180985808027,10212.010627151623,1307.1703586564036
hurricane-michael_00000064_pre_disaster.png,0.7240993165231494,0.6829297340214371,21543.0,15599.271575858207,14712.35526002382,886.9163158343872
hurricane-michael_00000065_pre_disaster.png,0.823994487360824,0.7018748904853689,24901.0,20518.28672977188,17477.38664797617,3040.9000817957094
hurricane-michael_00000073_pre_disaster.png,0.8041664585102662,0.7561242236024844,19426.0,15621.737623020432,14688.469167701862,933.26845531857
hurricane-michael_00000080_pre_disaster.png,0.7911556400069096,0.7395795221074555,31593.0,24994.980134738296,23365.53584194084,1629.444292797456
hurricane-michael_00000084_pre_disaster.png,0.6690909090909091,0.6350190839694656,7152.0,4785.3381818181815,4541.656488549618,243.68169326856332
hurricane-michael_00000086_pre_disaster.png,0.8318831572405221,0.541332510795805,3056.0,2542.2349285270357,1654.3121529919802,887.9227755350555
hurricane-michael_00000108_pre_disaster.png,0.4967741935483871,0.15297297297297296,813.0,403.8774193548387,124.36702702702702,279.5103923278117
hurricane-michael_00000111_pre_disaster.png,0.7599826577064817,0.6372630930917725,21407.0,16268.948753522653,13641.891033815575,2627.057719707078
hurricane-michael_00000114_pre_disaster.png,0.716723302725761,0.6242440532186534,12343.0,8846.515725544068,7705.044348877839,1141.471376666229
hurricane-michael_00000115_pre_disaster.png,0.695139911634757,0.6302402402402403,28372.0,19722.509572901326,17881.176096096096,1841.33347680523
hurricane-michael_00000117_pre_disaster.png,0.7639008287197827,0.6411101951085463,26760.0,20441.986176541384,17156.1088211047,3285.8773554366853
hurricane-michael_00000126_pre_disaster.png,0.34496826835902084,0.2833525567089581,2007.0,692.3513145965549,568.6885813148789,123.66273328167597
hurricane-michael_00000127_pre_disaster.png,0.6558795502191729,0.6040969291223985,24002.0,15742.420964360588,14499.53449279581,1242.8864715647778
hurricane-michael_00000131_pre_disaster.png,0.7849604221635884,0.8731331881899087,51207.0,40195.46833773087,44710.531167640656,4515.062829909788
hurricane-michael_00000132_pre_disaster.png,0.7306678756623501,0.6374219908767805,31476.0,22998.502054348133,20063.494584837543,2935.0074695105905
hurricane-michael_00000140_pre_disaster.png,0.6387067601175672,0.4566041035206342,24412.0,15592.109427990052,11146.619375145721,4445.49005284433
hurricane-michael_00000148_pre_disaster.png,0.6382080780292609,0.4997923256334068,28634.0,18274.450106289856,14311.05345218697,3963.396654102886
hurricane-michael_00000160_pre_disaster.png,0.0,0.0,78.0,0.0,0.0,0.0
hurricane-michael_00000161_pre_disaster.png,0.6715525828945496,0.6192480359147026,6377.0,4282.490821118543,3948.944725028058,333.54609609048475
hurricane-michael_00000164_pre_disaster.png,0.6959884665552988,0.6373249563082096,37467.0,26076.59987642738,23878.65413799969,2197.9457384276902
hurricane-michael_00000171_pre_disaster.png,0.8355349280019041,0.751258597461533,38977.0,32566.644888730218,29281.806353258173,3284.838535472045
hurricane-michael_00000173_pre_disaster.png,0.6490174928480983,0.5964900206469373,38407.0,24926.81484781691,22909.392222986924,2017.4226248299856
hurricane-michael_00000185_pre_disaster.png,0.7562190918627304,0.7518545850001942,23417.0,17708.38247414956,17606.17881694955,102.20365720001064
hurricane-michael_00000186_pre_disaster.png,0.5621779378904647,0.45443639330102215,18364.0,10323.835651420493,8345.269926579971,1978.5657248405223
hurricane-michael_00000190_pre_disaster.png,0.7498602348055267,0.6297804871381318,32504.0,24373.45707211884,20470.38495393784,3903.0721181810004
hurricane-michael_00000194_pre_disaster.png,0.7847725419608929,0.7281407191206607,59729.0,46873.67915878217,43491.11701235794,3382.5621464242286
hurricane-michael_00000201_pre_disaster.png,0.7223616588980518,0.6438270906416205,15515.0,11207.441137803275,9988.977311304741,1218.4638264985333
hurricane-michael_00000209_pre_disaster.png,0.6251178133836004,0.5719551528183074,9844.0,6153.659754948162,5630.326524343419,523.3332306047432
hurricane-michael_00000213_pre_disaster.png,0.34770927601809953,0.18454749956739921,4129.0,1435.691600678733,761.9966257137913,673.6949749649417
hurricane-michael_00000215_pre_disaster.png,0.682804265228582,0.6126094570928197,13580.0,9272.481921804143,8319.236427320491,953.2454944836518
hurricane-michael_00000221_pre_disaster.png,0.7038178564326903,0.5871216838958775,16964.0,11939.56611652416,9959.932245609665,1979.6338709144948
hurricane-michael_00000223_pre_disaster.png,0.6848351648351648,0.6286106765368031,23657.0,16201.145494505494,14871.042774831152,1330.1027196743416
hurricane-michael_00000226_pre_disaster.png,0.7939167112220044,0.7397992132918453,15468.0,12280.303689181963,11443.214231198262,837.0894579837004
hurricane-michael_00000227_pre_disaster.png,0.5725538405500159,0.46993545990620794,18914.0,10829.283340163001,8888.359288666017,1940.9240514969842
hurricane-michael_00000229_pre_disaster.png,0.7152324334860151,0.6273970001898614,9310.0,6658.8139557548,5841.06607176761,817.7478839871901
hurricane-michael_00000232_pre_disaster.png,0.6312340153452686,0.5477042924027226,22605.0,14269.044916879797,12380.855529763543,1888.1893871162538
hurricane-michael_00000237_pre_disaster.png,0.6067160493827161,0.5562253479199226,36177.0,21949.16651851852,20122.56441169904,1826.6021068194786
hurricane-michael_00000245_pre_disaster.png,0.7820007767852188,0.6922297297297297,16603.0,12983.558896964989,11493.090202702702,1490.4686942622866
hurricane-michael_00000259_pre_disaster.png,0.5821879167094061,0.5367907229009014,34623.0,20157.092240229766,18585.305198997907,1571.787041231859
hurricane-michael_00000262_pre_disaster.png,0.7219628704809467,0.6631158455392809,25557.0,18451.205080881555,16947.2516644474,1503.953416434153
hurricane-michael_00000274_pre_disaster.png,0.7445657500147004,0.691821190107889,47422.0,35308.79699719712,32807.54447729631,2501.2525199008087
hurricane-michael_00000279_pre_disaster.png,0.7964640762261449,0.7584338832799803,32162.0,25615.877619585273,24392.750554050726,1223.127065534547
hurricane-michael_00000280_pre_disaster.png,0.8005774258701659,0.7617021276595745,75807.0,60689.37292293966,57742.35319148936,2947.019731450302
hurricane-michael_00000282_pre_disaster.png,0.4824811070762587,0.40221047573282076,9301.0,4487.556776916282,3740.959634790966,746.5971421253157
hurricane-michael_00000288_pre_disaster.png,0.5082218811664109,0.4165326775749551,7237.0,3678.0017540013155,3014.44698760995,663.5547663913653
hurricane-michael_00000297_pre_disaster.png,0.6586435141408064,0.5466109233232521,9486.0,6247.892375139689,5185.15121864437,1062.741156495319
hurricane-michael_00000298_pre_disaster.png,0.7370650627344457,0.6766327197981874,26353.0,19423.875598240847,17831.30206484163,1592.573533399216
hurricane-michael_00000317_pre_disaster.png,0.5709578978638364,0.5087396504139834,31489.0,17978.893245834344,16019.702851885922,1959.1903939484218
hurricane-michael_00000318_pre_disaster.png,0.6308011691114207,0.5516488143800826,32508.0,20506.084405474063,17932.999657867727,2573.0847476063354
hurricane-michael_00000320_pre_disaster.png,0.5718113612004287,0.4198207171314741,1592.0,910.3236870310826,668.3545816733068,241.9691053577758
hurricane-michael_00000321_pre_disaster.png,0.6144949884348496,0.4782608695652174,7021.0,4314.369313801079,3357.8695652173915,956.499748583688
hurricane-michael_00000332_pre_disaster.png,0.6768120489488547,0.5813549507817024,2910.0,1969.5230624411672,1691.742906774754,277.7801556664133
hurricane-michael_00000335_pre_disaster.png,0.7406475695853283,0.6499103796643311,10515.0,7787.909194189727,6833.807642170441,954.1015520192859
hurricane-michael_00000336_pre_disaster.png,0.7348725243462085,0.5972930765226444,8051.0,5916.458693511325,4808.8065590838105,1107.6521344275143
hurricane-michael_00000350_pre_disaster.png,0.6718784408720546,0.5885408468440108,16068.0,10795.742787932173,9456.674327089564,1339.068460842609
hurricane-michael_00000363_pre_disaster.png,0.0,0.0,0.0,0.0,0.0,0.0
hurricane-michael_00000364_pre_disaster.png,0.6488685153500985,0.5380411937788987,27076.0,17568.763921619266,14568.003362757461,3000.7605588618044
hurricane-michael_00000370_pre_disaster.png,0.6542080599812559,0.5455242182709994,22370.0,14634.634301780694,12203.376762722257,2431.257539058437
hurricane-michael_00000374_pre_disaster.png,0.6816934414603312,0.6010831981885499,28329.0,19311.69350312972,17028.08592148343,2283.607581646291
hurricane-michael_00000376_pre_disaster.png,0.23673997412677877,0.20949263502454993,2054.0,486.2639068564036,430.29787234042556,55.96603451597804
hurricane-michael_00000381_pre_disaster.png,0.5909412597310687,0.48251295336787564,1367.0,807.8167020523709,659.595207253886,148.22149479848497
hurricane-michael_00000382_pre_disaster.png,0.6920070786019761,0.595056212164889,11456.0,7927.633092464238,6816.963966560968,1110.6691259032696
hurricane-michael_00000383_pre_disaster.png,0.73108171624253,0.6762496420152887,38033.0,27805.230913852145,25719.802634767475,2085.42827908467
hurricane-michael_00000394_pre_disaster.png,0.7180371526489271,0.6615755800176644,40371.0,28987.877889589836,26708.467740893127,2279.4101486967083
hurricane-michael_00000396_pre_disaster.png,0.0,0.0,0.0,0.0,0.0,0.0
hurricane-michael_00000400_pre_disaster.png,0.728255618688321,0.6315277255535158,38753.0,28222.089991028504,24473.593948375397,3748.496042653107
hurricane-michael_00000401_pre_disaster.png,0.8264462809917356,0.698494623655914,1863.0,1539.6694214876034,1301.2954838709677,238.37393761663566
hurricane-michael_00000407_pre_disaster.png,0.7904838989420131,0.7400559609370714,15809.0,12496.759958374285,11699.544686454161,797.215271920124
hurricane-michael_00000423_pre_disaster.png,0.6166161834703592,0.5098553345388789,10271.0,6333.2648204240595,5236.724141048825,1096.5406793752345
hurricane-michael_00000425_pre_disaster.png,0.6617463677754256,0.5671907879354687,30886.0,20438.698315111797,17518.25467617489,2920.4436389369075
hurricane-michael_00000432_pre_disaster.png,0.7033920063903232,0.6332987268455276,32433.0,22813.11294325735,20539.777607780994,2273.3353354763567
hurricane-michael_00000433_pre_disaster.png,0.5207832479704539,0.4390260262946069,24575.0,12798.248318873906,10789.064596189965,2009.1837226839416
hurricane-michael_00000434_pre_disaster.png,0.8549536707056308,0.8310678990629098,30171.0,25794.807198859588,25074.14958262705,720.6576162325364
hurricane-michael_00000438_pre_disaster.png,0.5911846716635543,0.5035994764397905,36660.0,21672.8300631859,18461.95680628272,3210.873256903178
hurricane-michael_00000445_pre_disaster.png,0.7720748151370161,0.6760740834068287,6149.0,4747.488038277513,4157.17953886859,590.3084994089231
hurricane-michael_00000448_pre_disaster.png,0.778747393621129,0.7133242071640429,47395.0,36908.73272067341,33808.00079853981,3100.7319221336
hurricane-michael_00000449_pre_disaster.png,0.6498403658641816,0.5615812119039082,9905.0,6436.668823884718,5562.461903908211,874.2069199765074
hurricane-michael_00000453_pre_disaster.png,0.6598883201489064,0.600981893523106,18457.0,12179.558724988367,11092.32280875597,1087.2359162323974
hurricane-michael_00000456_pre_disaster.png,0.6840736375828016,0.5328811781016974,22654.0,15497.004185800788,12071.890208715853,3425.113977084935
hurricane-michael_00000457_pre_disaster.png,0.6262716209287892,0.5094584569732937,32699.0,20478.455732750477,16658.78208456973,3819.6736481807457
hurricane-michael_00000464_pre_disaster.png,0.6262211741647016,0.5379073955731133,27090.0,16964.331608121767,14571.91134607564,2392.4202620461274
hurricane-michael_00000469_pre_disaster.png,0.6696812453669385,0.5352568613652358,35700.0,23907.620459599704,19108.669950738917,4798.9505088607875
hurricane-michael_00000470_pre_disaster.png,0.652875280059746,0.5606152178896693,38801.0,25332.213741598207,21752.431069337057,3579.78267226115
hurricane-michael_00000483_pre_disaster.png,0.8170545343404794,0.7161590347312413,20920.0,17092.780858402828,14982.047006577568,2110.73385182526
hurricane-michael_00000488_pre_disaster.png,0.8044660982541616,0.68446218288153,22726.0,18282.296548924078,15555.087568165653,2727.2089807584252
hurricane-michael_00000491_pre_disaster.png,0.4838112858464385,0.1184573002754821,713.0,344.95744680851067,84.46005509641874,260.49739171209194
hurricane-michael_00000493_pre_disaster.png,0.6638116814941704,0.5042291643171309,16410.0,10893.149693319336,8274.400586444119,2618.749106875217
hurricane-michael_00000495_pre_disaster.png,0.8553218610579987,0.8335721596724668,4567.0,3906.25493945188,3806.9240532241556,99.33088622772448
hurricane-michael_00000503_pre_disaster.png,0.7303490540900612,0.48761149653121905,3552.0,2594.1998401278975,1731.9960356788902,862.2038044490073
hurricane-michael_00000506_pre_disaster.png,0.2979842243645925,0.07004593175853019,5862.0,1746.7835232252412,410.60925196850394,1336.1742712567373
hurricane-michael_00000508_pre_disaster.png,0.7172443344124929,0.6315984270182744,18865.0,13530.81436869168,11915.104325699747,1615.710042991932
hurricane-michael_00000510_pre_disaster.png,0.5144949444052538,0.37070549488646215,25475.0,13106.75870872384,9443.722482232622,3663.0362264912183
hurricane-michael_00000513_pre_disaster.png,0.7022747875951342,0.5971068732785265,41335.0,29028.52834524487,24681.412606967893,4347.115738276978
hurricane-michael_00000520_pre_disaster.png,0.7161253343523118,0.6343384338433843,22473.0,16093.484638899505,14255.487623762376,1837.997015137129
hurricane-michael_00000525_pre_disaster.png,0.800081103000811,0.7421458209839953,8542.0,6834.292781832928,6339.409602845288,494.88317898764035
hurricane-michael_00000531_pre_disaster.png,0.5779947916666667,0.46597689475688714,15031.0,8687.839713541667,7004.098705090771,1683.7410084508965
hurricane-michael_00000532_pre_disaster.png,0.8251604478648626,0.7891128366099455,33366.0,27532.303503459007,26329.53890632744,1202.764597131565
mexico-earthquake_00000014_pre_disaster.png,0.6865947291969289,0.6666699272243525,81360.0,55861.34716746213,54240.26527897332,1621.081888488814
mexico-earthquake_00000016_pre_disaster.png,0.7776350585568568,0.669539625814589,48540.0,37746.40574234983,32499.453437040152,5246.952305309678
mexico-earthquake_00000026_pre_disaster.png,0.7593544935416598,0.7027807291498975,84227.0,63958.15092753338,59193.11247410842,4765.038453424961
mexico-earthquake_00000036_pre_disaster.png,0.6316484047546026,0.6128955107536407,94027.0,59392.00455386102,57628.72618963257,1763.2783642284485
mexico-earthquake_00000038_pre_disaster.png,0.6904231625835189,0.6068967425898762,100311.0,69257.03786191536,60878.419145933076,8378.618715982288
mexico-earthquake_00000045_pre_disaster.png,0.6635834725433882,0.6103010419514566,100448.0,66655.63265003826,61303.519061939915,5352.113588098342
mexico-earthquake_00000050_pre_disaster.png,0.6077654639977587,0.5684841187937163,106599.0,64787.19069669708,60599.83857929136,4187.352117405717
mexico-earthquake_00000051_pre_disaster.png,0.6694855532064834,0.6532544144820703,88616.0,59327.13178294573,57888.79319374314,1438.3385892025908
mexico-earthquake_00000054_pre_disaster.png,0.660262185782503,0.5472001093306912,82146.0,54237.897513289485,44950.30018107896,9287.597332210527
mexico-earthquake_00000056_pre_disaster.png,0.6955076304038471,0.6980450668882144,142678.0,99233.6376907601,99595.67405347666,362.0363627165643
mexico-earthquake_00000060_pre_disaster.png,0.6616288107781328,0.6407027579162411,103464.0,68454.76327834874,66289.67014504597,2165.0931333027693
mexico-earthquake_00000062_pre_disaster.png,0.5560276155071694,0.45806253832004906,15237.0,8472.19277748274,6979.498896382587,1492.6938811001528
mexico-earthquake_00000071_pre_disaster.png,0.6339853626081171,0.5533249350022783,32457.0,20577.262914171657,17959.267415368948,2617.9954988027093
mexico-earthquake_00000073_pre_disaster.png,0.7437442612325522,0.6991311801711488,120980.0,89978.18072391416,84580.89017710558,5397.290546808581
mexico-earthquake_00000077_pre_disaster.png,0.7051262641555138,0.6745563827803359,57370.0,40453.09377460183,38699.29968010787,1753.794094493962
mexico-earthquake_00000081_pre_disaster.png,0.7149705686024638,0.6533198649419644,90498.0,64703.40651738577,59124.141137517894,5579.265379867873
mexico-earthquake_00000091_pre_disaster.png,0.3685742771684945,0.4280935073517264,19575.0,7214.84147557328,8379.930406410045,1165.088930836765
mexico-earthquake_00000097_pre_disaster.png,0.7297230518015598,0.6832024574823012,78944.0,57607.25660142234,53934.73480348279,3672.521797939553
mexico-earthquake_00000099_pre_disaster.png,0.41601779755283647,0.4541622760800843,859.0,357.3592880978865,390.1253951527924,32.76610705490589
mexico-earthquake_00000116_pre_disaster.png,0.6882819746470163,0.6347487870403785,83626.0,57558.26841183139,53081.502065038694,4476.766346792698
mexico-earthquake_00000123_pre_disaster.png,0.632767508573647,0.6154986354883843,128698.0,81435.91281841123,79213.4433900841,2222.4694283271383
mexico-earthquake_00000130_pre_disaster.png,0.6652293011845095,0.5877604991666782,105410.0,70121.82063785914,61955.83421715954,8165.986420699599
mexico-earthquake_00000133_pre_disaster.png,0.6633762301286904,0.6195635641367463,89863.0,59612.978168054506,55675.84056402043,3937.1376040340765
mexico-earthquake_00000134_pre_disaster.png,0.6189292974926587,0.5598915172517703,33554.0,20767.553648068668,18786.599969865903,1980.9536782027644
mexico-earthquake_00000137_pre_disaster.png,0.6448809120668247,0.5392659682816819,74246.0,47879.82819731347,40038.341081041755,7841.487116271717
mexico-earthquake_00000145_pre_disaster.png,0.5300156215130551,0.5042900042900043,3594.0,1904.8761437179203,1812.4182754182752,92.45786829964504
mexico-earthquake_00000147_pre_disaster.png,0.711881216444313,0.668001051156272,88847.0,63248.51043742788,59349.88939208129,3898.62104534659
mexico-earthquake_00000149_pre_disaster.png,0.6650549188156638,0.5968799858181174,13994.0,9306.7785339064,8352.738521538735,954.0400123676645
mexico-earthquake_00000156_pre_disaster.png,0.6513733300141067,0.6121020358847339,108385.0,70599.09837357895,66342.67915936689,4256.419214212059
mexico-earthquake_00000162_pre_disaster.png,0.6509173211510582,0.6108408946535067,80182.0,52191.85264453415,48978.44461510747,3213.408029426675
mexico-earthquake_00000165_pre_disaster.png,0.20606864381588275,0.14413137220154765,9792.0,2017.824160245124,1411.3343965975546,606.4897636475694
mexico-earthquake_00000167_pre_disaster.png,0.6400553281309965,0.5947420749612707,95366.0,61039.51642254061,56718.17272075654,4321.34370178407
mexico-earthquake_00000170_pre_disaster.png,0.40199081163859113,0.4791386271870794,1214.0,488.01684532924963,581.6742934051143,93.65744807586469
mexico-earthquake_00000175_pre_disaster.png,0.2875368007850834,0.012,1000.0,287.5368007850834,12.0,275.5368007850834
midwest-flooding_00000009_pre_disaster.png,0.6704437732854214,0.5834526510562372,41811.0,28031.924604836753,24394.738793312335,3637.1858115244177
midwest-flooding_00000015_pre_disaster.png,0.5633320550046568,0.5493484969710825,23950.0,13491.80271736153,13156.896502457425,334.9062149041056
midwest-flooding_00000034_pre_disaster.png,0.7060240963855422,0.5672514619883041,369.0,260.52289156626506,209.31578947368422,51.20710209258084
midwest-flooding_00000037_pre_disaster.png,0.7230236583958454,0.6377609592244569,41757.0,30191.298903635314,26630.984374335643,3560.3145292996705
midwest-flooding_00000042_pre_disaster.png,0.9486147163214493,0.9044013729053099,18447.0,17499.095671981777,16683.492125984252,815.6035459975246
midwest-flooding_00000045_pre_disaster.png,0.6445455080654656,0.5561283176415456,60956.0,39288.915989638524,33899.35773015805,5389.558259480473
midwest-flooding_00000046_pre_disaster.png,0.744390044879641,0.6951495583760113,45252.0,33685.13831089351,31456.907815631264,2228.230495262247
midwest-flooding_00000051_pre_disaster.png,0.7521134020618556,0.6776740282222106,66890.0,50308.86546391752,45329.61574778367,4979.249716133854
midwest-flooding_00000052_pre_disaster.png,0.6802809811458905,0.5857785005985859,38845.0,26425.51471261212,22754.56585575207,3670.94885686005
midwest-flooding_00000053_pre_disaster.png,0.7755752212389381,0.683753958353325,45544.0,35322.7978761062,31140.89027924383,4181.907596862366
midwest-flooding_00000055_pre_disaster.png,0.8508104246723815,0.8104832750381792,76626.0,65194.19960094591,62104.09143307552,3090.108167870392
midwest-flooding_00000057_pre_disaster.png,0.8016154016375304,0.7205006736494415,41422.0,33204.51316662978,29844.578903907164,3359.934262722618
midwest-flooding_00000069_pre_disaster.png,0.7832813575796849,0.7223562368687262,21966.0,17205.55830059536,15867.27709905844,1338.28120153692
midwest-flooding_00000080_pre_disaster.png,0.6304347826086957,0.684375,257.0,162.02173913043478,175.88437499999998,13.862635869565196
midwest-flooding_00000089_pre_disaster.png,0.0,0.0,0.0,0.0,0.0,0.0
midwest-flooding_00000091_pre_disaster.png,0.6702819956616052,0.46825396825396826,396.0,265.43167028199565,185.42857142857142,80.00309885342423
midwest-flooding_00000094_pre_disaster.png,0.6983663943990666,0.3232620320855615,1569.0,1095.7368728121355,507.198128342246,588.5387444698895
midwest-flooding_00000097_pre_disaster.png,0.0,0.0,0.0,0.0,0.0,0.0
midwest-flooding_00000098_pre_disaster.png,0.0,0.0,0.0,0.0,0.0,0.0
midwest-flooding_00000101_pre_disaster.png,0.0,0.0,0.0,0.0,0.0,0.0
midwest-flooding_00000106_pre_disaster.png,0.0,0.0,0.0,0.0,0.0,0.0
midwest-flooding_00000111_pre_disaster.png,0.0,0.0,0.0,0.0,0.0,0.0
midwest-flooding_00000118_pre_disaster.png,0.0,0.0,0.0,0.0,0.0,0.0
midwest-flooding_00000124_pre_disaster.png,0.48968512486427795,0.53099173553719,904.0,442.67535287730726,480.0165289256198,37.34117604831255
midwest-flooding_00000129_pre_disaster.png,0.48366013071895425,0.3057142857142857,154.0,74.48366013071896,47.08,27.40366013071896
midwest-flooding_00000134_pre_disaster.png,0.751145038167939,0.7894736842105263,600.0,450.6870229007634,473.6842105263158,22.997187625552385
midwest-flooding_00000136_pre_disaster.png,0.0,0.0,0.0,0.0,0.0,0.0
midwest-flooding_00000138_pre_disaster.png,0.7766990291262136,0.6797385620915033,562.0,436.50485436893206,382.01307189542484,54.491782473507214
midwest-flooding_00000147_pre_disaster.png,0.2694300518134715,0.598314606741573,265.0,71.39896373056995,158.55337078651684,87.15440705594689
midwest-flooding_00000149_pre_disaster.png,0.0,0.0,0.0,0.0,0.0,0.0
midwest-flooding_00000155_pre_disaster.png,0.7951807228915663,0.8453038674033149,164.0,130.40963855421685,138.62983425414365,8.22019569992679
midwest-flooding_00000158_pre_disaster.png,0.0,0.0,0.0,0.0,0.0,0.0
midwest-flooding_00000163_pre_disaster.png,0.0,0.0,105.0,0.0,0.0,0.0
midwest-flooding_00000174_pre_disaster.png,0.29896907216494845,0.0,97.0,29.0,0.0,29.0
midwest-flooding_00000180_pre_disaster.png,0.6282853566958698,0.5,731.0,459.27659574468083,365.5,93.77659574468083
midwest-flooding_00000185_pre_disaster.png,0.7182539682539683,0.7117750439367311,482.0,346.1984126984127,343.0755711775044,3.1228415209083096
midwest-flooding_00000187_pre_disaster.png,0.6195601310248011,0.39649122807017545,3941.0,2441.6864763687413,1562.5719298245615,879.1145465441798
midwest-flooding_00000189_pre_disaster.png,0.6832786885245902,0.47671994440583737,1323.0,903.9777049180328,630.7004864489228,273.27721846911004
midwest-flooding_00000192_pre_disaster.png,0.7363899523765057,0.6524390243902439,9612.0,7078.180222242973,6271.243902439025,806.9363198039482
midwest-flooding_00000213_pre_disaster.png,0.8036529680365296,0.45575642245480497,988.0,794.0091324200913,450.2873453853473,343.721787034744
midwest-flooding_00000218_pre_disaster.png,0.8650927487352446,0.8380398671096345,1092.0,944.681281618887,915.1395348837209,29.541746735166157
midwest-flooding_00000226_pre_disaster.png,0.6044487427466151,0.5367834394904458,5723.0,3459.260154738878,3072.0116242038216,387.2485305350565
midwest-flooding_00000227_pre_disaster.png,0.6377118644067796,0.6290322580645161,1211.0,772.2690677966101,761.758064516129,10.511003280481077
midwest-flooding_00000240_pre_disaster.png,0.6784734347717636,0.4815935451336359,3437.0,2331.9131953105516,1655.2370146243065,676.6761806862451
midwest-flooding_00000241_pre_disaster.png,0.7161520190023754,0.5754695107813587,7731.0,5536.571258907364,4448.954787850684,1087.61647105668
midwest-flooding_00000245_pre_disaster.png,0.4251497005988024,0.1843291995490417,1328.0,564.5988023952096,244.78917700112737,319.8096253940823
midwest-flooding_00000250_pre_disaster.png,0.0,0.0,23.0,0.0,0.0,0.0
midwest-flooding_00000257_pre_disaster.png,0.5590762620837809,0.4683281412253375,1641.0,917.4441460794845,768.5264797507789,148.91766632870565
midwest-flooding_00000260_pre_disaster.png,0.7199549432458192,0.5640665261185289,10381.0,7473.852265834849,5855.5746076364485,1618.2776581984008
midwest-flooding_00000261_pre_disaster.png,0.5979073243647235,0.4405436013590034,578.0,345.59043348281017,254.63420158550394,90.95623189730622
midwest-flooding_00000262_pre_disaster.png,0.7180838872335549,0.5008944543828264,3809.0,2735.1815264726106,1907.9069767441858,827.2745497284247
midwest-flooding_00000266_pre_disaster.png,0.5966348340154616,0.4456003467706979,1986.0,1184.9167803547066,884.962288686606,299.95449166810056
midwest-flooding_00000278_pre_disaster.png,0.8785930735930736,0.818508713004307,44554.0,39144.8358008658,36467.8371991939,2676.998601671905
midwest-flooding_00000280_pre_disaster.png,0.32838589981447125,0.2602996254681648,516.0,169.44712430426716,134.31460674157304,35.13251756269412
midwest-flooding_00000288_pre_disaster.png,0.6840659340659341,0.5304112763081676,4916.0,3362.868131868132,2607.501834330952,755.3662975371799
midwest-flooding_00000291_pre_disaster.png,0.2931726907630522,0.3115060804490178,924.0,270.89156626506025,287.8316183348924,16.940052069832177
midwest-flooding_00000294_pre_disaster.png,0.5314465408805031,0.33876221498371334,302.0,160.49685534591194,102.30618892508143,58.19066642083051
midwest-flooding_00000295_pre_disaster.png,0.6339622641509434,0.5755725190839694,5057.0,3205.9471698113207,2910.6702290076337,295.276940803687
midwest-flooding_00000296_pre_disaster.png,0.41975308641975306,0.0,147.0,61.7037037037037,0.0,61.7037037037037
midwest-flooding_00000297_pre_disaster.png,0.534453139912197,0.42910739409098014,5019.0,2682.4203092193166,2153.690010942629,528.7302982766873
midwest-flooding_00000300_pre_disaster.png,0.6555930443810019,0.47967929223113076,3464.0,2270.9743057357905,1661.609068288637,609.3652374471535
midwest-flooding_00000305_pre_disaster.png,0.675483870967742,0.5762234733650932,3922.0,2649.247741935484,2259.9484625378955,389.29927939758863
midwest-flooding_00000306_pre_disaster.png,0.6245686680469289,0.5731534090909091,2621.0,1636.9944789510007,1502.2350852272727,134.75939372372795
midwest-flooding_00000307_pre_disaster.png,0.6902191691200523,0.6315616797900262,2418.0,1668.9499509322866,1527.1161417322833,141.83380920000332
midwest-flooding_00000312_pre_disaster.png,0.5470198675496689,0.5647058823529412,1906.0,1042.619867549669,1076.3294117647058,33.709544215036885
midwest-flooding_00000321_pre_disaster.png,0.044897959183673466,0.0,245.0,11.0,0.0,11.0
midwest-flooding_00000325_pre_disaster.png,0.5988745980707395,0.5358851674641149,6467.0,3872.9220257234724,3465.569377990431,407.3526477330415
midwest-flooding_00000327_pre_disaster.png,0.2882882882882883,0.0,107.0,30.846846846846848,0.0,30.846846846846848
midwest-flooding_00000341_pre_disaster.png,0.9319899244332494,0.9053708439897699,390.0,363.4760705289672,353.0946291560102,10.381441372957
midwest-flooding_00000342_pre_disaster.png,0.7952101661779081,0.598505072076882,1798.0,1429.7878787878788,1076.1121195942337,353.67575919364504
midwest-flooding_00000349_pre_disaster.png,0.6852987559137901,0.5702688990360223,5154.0,3532.029787979674,2939.165905631659,592.8638823480151
midwest-flooding_00000364_pre_disaster.png,0.4012738853503185,0.37767584097859325,425.0,170.54140127388536,160.51223241590213,10.029168857983223
midwest-flooding_00000369_pre_disaster.png,0.6222868650704856,0.5449723996103475,8596.0,5349.1778921458945,4684.582747050547,664.5951450953471
midwest-flooding_00000372_pre_disaster.png,0.7563739376770539,0.6347826086956522,296.0,223.88668555240795,187.89565217391305,35.991033378494905
midwest-flooding_00000373_pre_disaster.png,0.9028097650852142,0.82892574331391,6090.0,5498.111469368954,5048.157776781712,449.9536925872426
midwest-flooding_00000375_pre_disaster.png,0.0,0.0,0.0,0.0,0.0,0.0
midwest-flooding_00000383_pre_disaster.png,0.3677950594693504,0.20093023255813955,875.0,321.8206770356816,175.8139534883721,146.00672354730952
midwest-flooding_00000384_pre_disaster.png,0.67718715393134,0.36410788381742737,1600.0,1083.499446290144,582.5726141078837,500.92683218226034
midwest-flooding_00000387_pre_disaster.png,0.0,0.0,39.0,0.0,0.0,0.0
midwest-flooding_00000390_pre_disaster.png,0.21052631578947367,0.03669724770642202,209.0,44.0,7.669724770642202,36.330275229357795
midwest-flooding_00000402_pre_disaster.png,0.7502238137869293,0.6736227045075125,1043.0,782.4834377797672,702.5884808013355,79.89495697843165
midwest-flooding_00000419_pre_disaster.png,0.6403785488958991,0.3197158081705151,216.0,138.3217665615142,69.05861456483126,69.26315199668295
midwest-flooding_00000425_pre_disaster.png,0.0,0.0,0.0,0.0,0.0,0.0
midwest-flooding_00000434_pre_disaster.png,0.7716941783606094,0.7166154165083094,26345.0,20330.283128910254,18879.23314791141,1451.0499809988432
midwest-flooding_00000439_pre_disaster.png,0.7036313939867239,0.6308840413318025,4613.0,3245.8516204607577,2910.268082663605,335.58353779715253
midwest-flooding_00000443_pre_disaster.png,0.7213553276861346,0.6394179328054783,4175.0,3011.658493089612,2669.569869462872,342.0886236267402
palu-tsunami_00000009_pre_disaster.png,0.7496630223154112,0.6497542533081285,11862.0,8892.502770705407,7707.38495274102,1185.1178179643866
palu-tsunami_00000013_pre_disaster.png,0.7388462631429383,0.6663150692741889,62101.0,45883.09178743961,41378.832116996404,4504.259670443207
palu-tsunami_00000014_pre_disaster.png,0.7111471276787322,0.5407597942223981,4572.0,3251.364667747164,2472.353779184804,779.0108885623599
palu-tsunami_00000017_pre_disaster.png,0.7305782559222096,0.6382249414886755,83775.0,61204.19338988311,53467.29447321379,7736.898916669321
palu-tsunami_00000018_pre_disaster.png,0.6361289132740099,0.5470781474112802,20530.0,13059.726589515423,11231.514366353584,1828.2122231618396
palu-tsunami_00000029_pre_disaster.png,0.7189883404926799,0.6156571329819407,20539.0,14767.301525379153,12644.98185431608,2122.3196710630727
palu-tsunami_00000031_pre_disaster.png,0.5998168498168498,0.4867930514793369,11887.0,7130.022893772893,5786.509002934878,1343.5138908380159
palu-tsunami_00000036_pre_disaster.png,0.708634828750603,0.6486616137388468,8786.0,6226.065605402798,5699.140938309508,526.9246670932898
palu-tsunami_00000039_pre_disaster.png,0.7736948507551433,0.6877479213823088,37609.0,29097.889642050184,25865.51157526725,3232.378066782934
palu-tsunami_00000046_pre_disaster.png,0.6131482451545311,0.7827995867768595,3601.0,2207.9468308014666,2818.861311983471,610.9144811820042
palu-tsunami_00000052_pre_disaster.png,0.7678006329113924,0.509946442234124,2371.0,1820.4553006329115,1209.083014537108,611.3722860958035
palu-tsunami_00000055_pre_disaster.png,0.7323218639934977,0.634638839951213,6512.0,4768.879978325657,4132.768125762299,636.1118525633583
palu-tsunami_00000059_pre_disaster.png,0.7679766670836983,0.6966318905454677,107600.0,82634.28937820594,74957.59142269232,7676.69795551362
palu-tsunami_00000060_pre_disaster.png,0.749430103922226,0.6790764546684709,51786.0,38809.9873617164,35166.65328146143,3643.3340802549646
palu-tsunami_00000063_pre_disaster.png,0.7573975182519412,0.6425085345808572,35100.0,26584.652890643138,22552.04956378809,4032.603326855049
palu-tsunami_00000070_pre_disaster.png,0.6521036101868839,0.5898918547227605,25003.0,16304.546565502658,14749.066043633182,1555.4805218694764
palu-tsunami_00000075_pre_disaster.png,0.7054879800785365,0.6577728367611636,18339.0,12937.94406666028,12062.89605336298,875.0480132973007
palu-tsunami_00000078_pre_disaster.png,0.7062045824363522,0.6460281182907404,90437.0,63867.023821796385,58424.844933859684,5442.178887936701
palu-tsunami_00000079_pre_disaster.png,0.7718804891230915,0.7092896853744137,100480.0,77558.55154708824,71269.4275864211,6289.123960667144
palu-tsunami_00000080_pre_disaster.png,0.7712813524677427,0.7099596517307284,20609.0,15895.337393007709,14631.558462518582,1263.7789304891267
palu-tsunami_00000085_pre_disaster.png,0.7464605605316382,0.6476170014681133,24760.0,18482.363478763364,16034.996956350486,2447.366522412878
palu-tsunami_00000089_pre_disaster.png,0.7991671778417402,0.7488458353656462,149143.0,119190.19040485065,111685.11442393858,7505.075980912079
palu-tsunami_00000093_pre_disaster.png,0.789791709031752,0.7218372325091473,60615.0,47873.22444295965,43754.16384854197,4119.060594417679
palu-tsunami_00000095_pre_disaster.png,0.8153275792156636,0.7538739798381057,155644.0,126900.84573944274,117335.96171792212,9564.884021520615
palu-tsunami_00000104_pre_disaster.png,0.6059356966199505,0.4025862068965517,1133.0,686.5251442704039,456.1301724137931,230.39497185661077
palu-tsunami_00000105_pre_disaster.png,0.7727518529121735,0.7102329492061922,80887.0,62505.57912650698,57448.61256244127,5056.966564065711
palu-tsunami_00000116_pre_disaster.png,0.7700395586092026,0.7206037325356086,24688.0,19010.736622943994,17790.264948839107,1220.471674104887
palu-tsunami_00000130_pre_disaster.png,0.7936762664816099,0.7331916537867079,42879.0,34032.04463046495,31438.524922720248,2593.5197077447046
palu-tsunami_00000138_pre_disaster.png,0.6952828483643593,0.6324326862132914,37141.0,25823.500271100667,23489.182398647856,2334.3178724528116
palu-tsunami_00000144_pre_disaster.png,0.6713782494314888,0.4949675477377481,19346.0,12988.483613501583,9575.642178534474,3412.8414349671093
palu-tsunami_00000149_pre_disaster.png,0.6504831707203211,0.4723358659653224,19646.0,12779.39237197143,9279.510422754724,3499.881949216706
palu-tsunami_00000150_pre_disaster.png,0.7638315125433383,0.7373477639470823,139758.0,106751.56453003187,103050.24879371634,3701.3157363155333
palu-tsunami_00000156_pre_disaster.png,0.0,0.0,0.0,0.0,0.0,0.0
palu-tsunami_00000159_pre_disaster.png,0.7389807309822708,0.690867575190883,86405.0,63851.63006052311,59694.412834368246,4157.217226154862
palu-tsunami_00000162_pre_disaster.png,0.7037430953442892,0.642753120665742,27200.0,19141.81219336467,17482.88488210818,1658.9273112564879
palu-tsunami_00000172_pre_disaster.png,0.7507206399558651,0.6449659792244903,64539.0,48450.75938211158,41625.459333169376,6825.300048942205
palu-tsunami_00000176_pre_disaster.png,0.7356905398569054,0.6198698196802013,49035.0,36074.58562188335,30395.31660801867,5679.269013864679
palu-tsunami_00000180_pre_disaster.png,0.7779700602172323,0.6575097298372206,64656.0,50300.432213405365,42511.94909235533,7788.483121050034
palu-tsunami_00000186_pre_disaster.png,0.41842900302114805,0.22380952380952382,538.0,225.11480362537765,120.40952380952382,104.70527981585383
palu-tsunami_00000190_pre_disaster.png,0.6984826403771968,0.6111102321092353,52217.0,36472.66803257608,31910.342990047942,4562.32504252814
palu-tsunami_00000192_pre_disaster.png,0.6736753100338219,0.4446426580443751,16105.0,10849.5408680947,7160.970007804661,3688.5708602900395
santa-rosa-wildfire_00000008_pre_disaster.png,0.7031599607458292,0.5596843980656656,24936.0,17533.996781157995,13956.290150165438,3577.7066309925576
santa-rosa-wildfire_00000010_pre_disaster.png,0.6668077541691357,0.5372009717132622,41611.0,27746.537458731906,22353.469633960554,5393.067824771351
santa-rosa-wildfire_00000013_pre_disaster.png,0.908164503214849,0.7412109375,7817.0,7099.121921630474,5794.0458984375,1305.0760231929744
santa-rosa-wildfire_00000016_pre_disaster.png,0.7116586647341244,0.6259046205232882,9756.0,6942.941933146118,6106.325477825199,836.6164553209182
santa-rosa-wildfire_00000020_pre_disaster.png,0.0,0.0,38.0,0.0,0.0,0.0
santa-rosa-wildfire_00000025_pre_disaster.png,0.7103296703296703,0.6145121617928396,6030.0,4283.287912087912,3705.508335610823,577.7795764770894
santa-rosa-wildfire_00000029_pre_disaster.png,0.7500777348965668,0.6492063492063492,47464.0,35601.68960913065,30813.93015873016,4787.759450400488
santa-rosa-wildfire_00000032_pre_disaster.png,0.6086665675635499,0.4504871969181962,12878.0,7838.408057083395,5801.374121912531,2037.0339351708635
santa-rosa-wildfire_00000037_pre_disaster.png,0.6588845654993515,0.3717336330429896,3424.0,2256.0207522697797,1272.8159595391965,983.2047927305832
santa-rosa-wildfire_00000048_pre_disaster.png,0.5858017747781528,0.4438136377661216,13995.0,8198.295838020247,6211.1718605368715,1987.1239774833757
santa-rosa-wildfire_00000053_pre_disaster.png,0.676861082642318,0.5617125197207754,37240.0,25206.306717599924,20918.174234401675,4288.132483198249
santa-rosa-wildfire_00000054_pre_disaster.png,0.7842278203723987,0.7511479173499508,11496.0,9015.483023001096,8635.196457855034,380.28656514606155
santa-rosa-wildfire_00000061_pre_disaster.png,0.7972014381498397,0.6921012503812138,55574.0,44303.67272373919,38462.834888685575,5840.837835053615
santa-rosa-wildfire_00000062_pre_disaster.png,0.5670642393806236,0.4745409805035018,3564.0,2021.0169491525423,1691.2640545144804,329.7528946380619
santa-rosa-wildfire_00000064_pre_disaster.png,0.581026657290801,0.41790943139257747,13455.0,7817.713673847728,5622.97139938713,2194.7422744605983
santa-rosa-wildfire_00000077_pre_disaster.png,0.7492998570337439,0.6607498849869652,47770.0,35794.05417050195,31564.022005827326,4230.032164674623
santa-rosa-wildfire_00000080_pre_disaster.png,0.6736439055520103,0.458936610293223,7229.0,4869.771793235482,3317.652755809709,1552.1190374257726
santa-rosa-wildfire_00000083_pre_disaster.png,0.6211453744493393,0.6076555023923444,196.0,121.7444933920705,119.10047846889951,2.6440149231709853
santa-rosa-wildfire_00000092_pre_disaster.png,0.7676139000354871,0.6359758178538345,32826.0,25197.6938825649,20876.54219686997,4321.151685694931
santa-rosa-wildfire_00000104_pre_disaster.png,0.7154607223745381,0.5781459373857961,7906.0,5656.432471093098,4570.8217809721045,1085.6106901209932
santa-rosa-wildfire_00000107_pre_disaster.png,0.7627100152738381,0.4700193423597679,8295.0,6326.679576696487,3898.8104448742747,2427.8691318222122
santa-rosa-wildfire_00000108_pre_disaster.png,0.6528179784369984,0.560337853913871,71659.0,46780.28351681687,40153.25027361408,6627.033243202786
santa-rosa-wildfire_00000112_pre_disaster.png,0.605716141604417,0.5250316856780735,2918.0,1767.4797012016888,1532.0424588086184,235.4372423930704
santa-rosa-wildfire_00000115_pre_disaster.png,0.5818181818181818,0.40870716768746895,10388.0,6043.927272727273,4245.650057937428,1798.277214789845
santa-rosa-wildfire_00000120_pre_disaster.png,0.7066630552546046,0.3961059687200766,3034.0,2144.0157096424705,1201.7855090967123,942.2302005457582
santa-rosa-wildfire_00000121_pre_disaster.png,0.7301777631223958,0.67835932243059,30813.0,22498.96741509038,20902.28580205377,1596.6816130366096
santa-rosa-wildfire_00000122_pre_disaster.png,0.6661190351728773,0.5105753923129407,22217.0,14799.166604435815,11343.453491016604,3455.7131134192114
santa-rosa-wildfire_00000126_pre_disaster.png,0.7288307692307693,0.6142419459660199,57176.0,41671.62806153847,35119.897502553154,6551.730558985313
santa-rosa-wildfire_00000127_pre_disaster.png,0.8031177829099307,0.4443406798655211,4902.0,3936.8833718244805,2178.1580127007846,1758.7253591236959
santa-rosa-wildfire_00000131_pre_disaster.png,0.6322302558398221,0.3175303197353914,6344.0,4010.8687430478312,2014.4123484013232,1996.456394646508
santa-rosa-wildfire_00000139_pre_disaster.png,0.6733966745843231,0.4733859043863972,14489.0,9756.844418052257,6858.88836865451,2897.956049397747
santa-rosa-wildfire_00000150_pre_disaster.png,0.7269975677866859,0.6398650835562066,50072.0,36402.22221421493,32039.32446382638,4362.897750388554
santa-rosa-wildfire_00000154_pre_disaster.png,0.6508291931985165,0.5111608755327602,11896.0,7742.264082289553,6080.769775337716,1661.4943069518367
santa-rosa-wildfire_00000157_pre_disaster.png,0.7435737273060576,0.6816840524939818,67778.0,50397.94008934998,46203.1817099371,4194.7583794128805
santa-rosa-wildfire_00000160_pre_disaster.png,0.5247641509433962,0.332398316970547,1994.0,1046.379716981132,662.8022440392707,383.5774729418614
santa-rosa-wildfire_00000167_pre_disaster.png,0.772513063828423,0.6492890317970704,57303.0,44267.31609656012,37206.209389067524,7061.106707492596
santa-rosa-wildfire_00000186_pre_disaster.png,0.6602768903088392,0.4371670322782827,5816.0,3840.1703940362086,2542.563459730492,1297.6069343057165
santa-rosa-wildfire_00000188_pre_disaster.png,0.5856873822975518,0.42678251980577564,2836.0,1661.0094161958568,1210.3552261691798,450.65419002667704
santa-rosa-wildfire_00000193_pre_disaster.png,0.630048108752262,0.4514611383108935,19630.0,12367.844374806904,8862.18214504284,3505.6622297640643
santa-rosa-wildfire_00000194_pre_disaster.png,0.6198157577642166,0.5032404368323685,68879.0,42692.28957904148,34662.69804857671,8029.591530464764
santa-rosa-wildfire_00000195_pre_disaster.png,0.7519816555316499,0.6220842790341546,31316.0,23549.05752462915,19481.191282233587,4067.866242395561
santa-rosa-wildfire_00000197_pre_disaster.png,0.5081098973849718,0.20372398685651696,2002.0,1017.2360145647135,407.855421686747,609.3805928779666
santa-rosa-wildfire_00000201_pre_disaster.png,0.21951219512195122,0.06599832915622389,903.0,198.21951219512195,59.59649122807017,138.6230209670518
santa-rosa-wildfire_00000211_pre_disaster.png,0.7077456539056277,0.6193906079704308,18711.0,13242.6289302282,11589.41766573473,1653.2112644934696
santa-rosa-wildfire_00000218_pre_disaster.png,0.7203808826222303,0.6902844873859366,5192.0,3740.21754257462,3583.957058507783,156.26048406683685
santa-rosa-wildfire_00000219_pre_disaster.png,0.6628811342831579,0.5086482793340286,25544.0,16932.635694128985,12992.911647308425,3939.72404682056
santa-rosa-wildfire_00000222_pre_disaster.png,0.542830099384761,0.4165232358003442,1856.0,1007.4926644581165,773.0671256454389,234.4255388126776
santa-rosa-wildfire_00000227_pre_disaster.png,0.6984056687333924,0.46161092793217146,3874.0,2705.623560673162,1788.2807348092322,917.3428258639299
santa-rosa-wildfire_00000230_pre_disaster.png,0.6303617049885707,0.21332616872649113,6460.0,4072.136614226167,1378.0870499731327,2694.049564253034
santa-rosa-wildfire_00000232_pre_disaster.png,0.6564864864864864,0.3762063227953411,9748.0,6399.43027027027,3667.259234608985,2732.171035661285
santa-rosa-wildfire_00000240_pre_disaster.png,0.6145010768126346,0.41967871485943775,1350.0,829.5764536970566,566.566265060241,263.01018863681566
santa-rosa-wildfire_00000255_pre_disaster.png,0.7031339031339031,0.5259498135644463,9087.0,6389.377777777778,4779.3059558601235,1610.0718219176542
santa-rosa-wildfire_00000261_pre_disaster.png,0.6055045871559633,0.21448467966573817,211.0,127.76146788990826,45.25626740947075,82.50520048043751
santa-rosa-wildfire_00000262_pre_disaster.png,0.7164480322906155,0.6289180990899899,883.0,632.6236125126135,555.334681496461,77.28893101615245
santa-rosa-wildfire_00000263_pre_disaster.png,0.4554945054945055,0.19533169533169534,1184.0,539.3054945054945,231.27272727272728,308.03276723276724
santa-rosa-wildfire_00000265_pre_disaster.png,0.5739299610894941,0.16521739130434782,440.0,252.5291828793774,72.69565217391303,179.83353070546437
santa-rosa-wildfire_00000266_pre_disaster.png,0.6301775147928994,0.6518928901200369,972.0,612.5325443786983,633.6398891966759,21.107344817977605
santa-rosa-wildfire_00000278_pre_disaster.png,0.5857703158329319,0.40183213666749196,11281.0,6608.074932911305,4533.068333745977,2075.006599165328
santa-rosa-wildfire_00000282_pre_disaster.png,0.5496463932107496,0.38288288288288286,2562.0,1408.1940594059404,980.9459459459459,427.24811345999444
santa-rosa-wildfire_00000288_pre_disaster.png,0.6460111317254175,0.3132735808792147,2108.0,1361.79146567718,660.3807084933845,701.4107571837955
santa-rosa-wildfire_00000303_pre_disaster.png,0.5887096774193549,0.07954545454545454,488.0,287.2903225806452,38.81818181818182,248.47214076246337
santa-rosa-wildfire_00000307_pre_disaster.png,0.310139679255044,0.03326612903225806,3478.0,1078.665804449043,115.69959677419354,962.9662076748494
santa-rosa-wildfire_00000310_pre_disaster.png,0.50935960591133,0.2881576501208403,4625.0,2355.7881773399013,1332.7291318088865,1023.0590455310148
santa-rosa-wildfire_00000316_pre_disaster.png,0.7411946657328781,0.6648491406568389,60669.0,44967.53917534798,40335.73251450976,4631.806660838221
santa-rosa-wildfire_00000317_pre_disaster.png,0.6972814107274063,0.43009931245225363,1273.0,887.6392358559883,547.5164247517189,340.12281110426943
santa-rosa-wildfire_00000319_pre_disaster.png,0.7074337154511569,0.5948427297736236,51949.0,36750.47408397215,30901.484969009973,5848.989114962176
santa-rosa-wildfire_00000322_pre_disaster.png,0.22108208955223882,0.027427317608337904,1566.0,346.214552238806,42.95117937465716,303.26337286414883
santa-rosa-wildfire_00000323_pre_disaster.png,0.6961178045515395,0.6785714285714286,650.0,452.47657295850064,441.0714285714286,11.405144387072028
santa-rosa-wildfire_00000326_pre_disaster.png,0.7593848937132519,0.5692582663092046,1819.0,1381.3211216644052,1035.4807864164432,345.840335247962
santa-rosa-wildfire_00000332_pre_disaster.png,0.5375611832304745,0.2097750865051903,4051.0,2177.6603532666522,849.798875432526,1327.8614778341262
santa-rosa-wildfire_00000335_pre_disaster.png,0.6096192384769539,0.39026473099914605,2191.0,1335.675751503006,855.070025619129,480.6057258838771
santa-rosa-wildfire_00000342_pre_disaster.png,0.766195709052852,0.6805101800789316,33660.0,25790.147566718995,22905.97266145684,2884.1749052621562
santa-rosa-wildfire_00000347_pre_disaster.png,0.7676545864821069,0.6684925828324401,58112.0,44609.943329648195,38847.440973558754,5762.502356089441
santa-rosa-wildfire_00000349_pre_disaster.png,0.5935696619950536,0.05086285195277021,1065.0,632.151690024732,54.16893732970028,577.9827526950318
santa-rosa-wildfire_00000352_pre_disaster.png,0.6833659752514911,0.6213495104299702,41119.0,28099.325536366065,25549.270519369944,2550.0550169961207
santa-rosa-wildfire_00000363_pre_disaster.png,0.6639757820383451,0.5708577951728636,54425.0,36136.88193743693,31068.9355022831,5067.946435153826
santa-rosa-wildfire_00000365_pre_disaster.png,0.6731255265374895,0.47521948456527896,3208.0,2159.3866891322664,1524.504106485415,634.8825826468515
socal-fire_00000005_pre_disaster.png,0.0,0.0,0.0,0.0,0.0,0.0
socal-fire_00000007_pre_disaster.png,0.6281807823775162,0.5405405405405406,7459.0,4685.600455753894,4031.891891891892,653.7085638620015
socal-fire_00000011_pre_disaster.png,0.799166768778336,0.7352222765021983,30076.0,24035.739737777236,22112.545188080116,1923.1945496971202
socal-fire_00000017_pre_disaster.png,0.0,0.0,0.0,0.0,0.0,0.0
socal-fire_00000023_pre_disaster.png,0.0,0.0,0.0,0.0,0.0,0.0
socal-fire_00000034_pre_disaster.png,0.37949836423118866,0.32734806629834257,706.0,267.9258451472192,231.10773480662985,36.81811034058936
socal-fire_00000037_pre_disaster.png,0.0,0.0,0.0,0.0,0.0,0.0
socal-fire_00000039_pre_disaster.png,0.1320754716981132,0.0,203.0,26.81132075471698,0.0,26.81132075471698
socal-fire_00000040_pre_disaster.png,0.7599288678126852,0.4837476099426386,1485.0,1128.4943687018376,718.3652007648183,410.12916793701936
socal-fire_00000041_pre_disaster.png,0.6007862759113652,0.2693463561232156,2463.0,1479.7365975696925,663.4000751314801,816.3365224382125
socal-fire_00000047_pre_disaster.png,0.0,0.0,0.0,0.0,0.0,0.0
socal-fire_00000054_pre_disaster.png,0.5180278383364079,0.2924480486568677,5773.0,2990.574710716083,1688.3025848960972,1302.2721258199856
socal-fire_00000063_pre_disaster.png,0.3023255813953488,0.0,33.0,9.976744186046512,0.0,9.976744186046512
socal-fire_00000064_pre_disaster.png,0.0,0.0,0.0,0.0,0.0,0.0
socal-fire_00000066_pre_disaster.png,0.0,0.0,0.0,0.0,0.0,0.0
socal-fire_00000067_pre_disaster.png,0.0,0.0,0.0,0.0,0.0,0.0
socal-fire_00000068_pre_disaster.png,0.7367293777134588,0.6948543424993193,15477.0,11402.360578871201,10754.260658861966,648.0999200092356
socal-fire_00000069_pre_disaster.png,0.0,0.0,23.0,0.0,0.0,0.0
socal-fire_00000071_pre_disaster.png,0.17054263565891473,0.0,99.0,16.883720930232556,0.0,16.883720930232556
socal-fire_00000100_pre_disaster.png,0.0,0.0,0.0,0.0,0.0,0.0
socal-fire_00000111_pre_disaster.png,0.584,0.0519159456118665,242.0,141.328,12.563658838071692,128.76434116192831
socal-fire_00000112_pre_disaster.png,0.25,0.18181818181818182,216.0,54.0,39.27272727272727,14.727272727272727
socal-fire_00000119_pre_disaster.png,0.0,0.0,247.0,0.0,0.0,0.0
socal-fire_00000120_pre_disaster.png,0.0,0.0,0.0,0.0,0.0,0.0
socal-fire_00000121_pre_disaster.png,0.0,0.0,0.0,0.0,0.0,0.0
socal-fire_00000123_pre_disaster.png,0.0,0.0,72.0,0.0,0.0,0.0
socal-fire_00000127_pre_disaster.png,0.0,0.0,0.0,0.0,0.0,0.0
socal-fire_00000128_pre_disaster.png,0.0,0.0,0.0,0.0,0.0,0.0
socal-fire_00000131_pre_disaster.png,0.0,0.0,0.0,0.0,0.0,0.0
socal-fire_00000132_pre_disaster.png,0.0,0.0,0.0,0.0,0.0,0.0
socal-fire_00000134_pre_disaster.png,0.601829753381066,0.3793103448275862,2006.0,1207.2704852824186,760.8965517241379,446.37393355828067
socal-fire_00000140_pre_disaster.png,0.0,0.0,0.0,0.0,0.0,0.0
socal-fire_00000143_pre_disaster.png,0.0,0.0,0.0,0.0,0.0,0.0
socal-fire_00000147_pre_disaster.png,0.0,0.04326923076923077,208.0,0.0,9.0,9.0
socal-fire_00000152_pre_disaster.png,0.0,0.0,0.0,0.0,0.0,0.0
socal-fire_00000155_pre_disaster.png,0.0,0.0,12.0,0.0,0.0,0.0
socal-fire_00000158_pre_disaster.png,0.5053763440860215,0.21816770186335405,1022.0,516.494623655914,222.96739130434784,293.5272323515661
socal-fire_00000159_pre_disaster.png,0.0,0.0,0.0,0.0,0.0,0.0
socal-fire_00000164_pre_disaster.png,0.0,0.0,0.0,0.0,0.0,0.0
socal-fire_00000165_pre_disaster.png,0.5221214991205521,0.39851485148514854,6663.0,3478.8955486402383,2655.3044554455446,823.5910931946937
socal-fire_00000181_pre_disaster.png,0.0,0.0,0.0,0.0,0.0,0.0
socal-fire_00000182_pre_disaster.png,0.768430837157962,0.6130590339892665,16311.0,12533.875384883519,9999.605903398926,2534.2694814845927
socal-fire_00000184_pre_disaster.png,0.0,0.0,0.0,0.0,0.0,0.0
socal-fire_00000188_pre_disaster.png,0.3075442648190916,0.27900552486187846,2433.0,748.2551963048498,678.8204419889503,69.43475431589957
socal-fire_00000189_pre_disaster.png,0.0,0.0,0.0,0.0,0.0,0.0
socal-fire_00000192_pre_disaster.png,0.26136363636363635,0.0,87.0,22.738636363636363,0.0,22.738636363636363
socal-fire_00000195_pre_disaster.png,0.0,0.0,0.0,0.0,0.0,0.0
socal-fire_00000210_pre_disaster.png,0.0,0.0,0.0,0.0,0.0,0.0
socal-fire_00000212_pre_disaster.png,0.712893982808023,0.5831188883170355,1446.0,1030.8446991404012,843.1899125064333,187.6547866339679
socal-fire_00000218_pre_disaster.png,0.5919003115264797,0.572605561277034,841.0,497.78816199376945,481.56127703398556,16.226884959783888
socal-fire_00000225_pre_disaster.png,0.5,0.25,104.0,52.0,26.0,26.0
socal-fire_00000246_pre_disaster.png,0.0,0.0,0.0,0.0,0.0,0.0
socal-fire_00000254_pre_disaster.png,0.0,0.0,0.0,0.0,0.0,0.0
socal-fire_00000267_pre_disaster.png,0.0,0.0,0.0,0.0,0.0,0.0
socal-fire_00000274_pre_disaster.png,0.0,0.0,0.0,0.0,0.0,0.0
socal-fire_00000280_pre_disaster.png,0.0,0.0,0.0,0.0,0.0,0.0
socal-fire_00000281_pre_disaster.png,0.5822440792027954,0.4989577905158937,7167.0,4172.943315646435,3576.03048462741,596.9128310190249
socal-fire_00000284_pre_disaster.png,0.7452580053028758,0.6498287671232876,4188.0,3121.1405262084436,2721.4828767123286,399.657649496115
socal-fire_00000289_pre_disaster.png,0.7970557308096741,0.6976976976976977,897.0,714.9589905362776,625.8348348348349,89.12415570144276
socal-fire_00000291_pre_disaster.png,0.0,0.0,0.0,0.0,0.0,0.0
socal-fire_00000305_pre_disaster.png,0.0,0.0,0.0,0.0,0.0,0.0
socal-fire_00000307_pre_disaster.png,0.42857142857142855,0.0,28.0,12.0,0.0,12.0
socal-fire_00000310_pre_disaster.png,0.0,0.0,0.0,0.0,0.0,0.0
socal-fire_00000315_pre_disaster.png,0.8398058252427184,0.43283582089552236,191.0,160.4029126213592,82.67164179104478,77.73127083031443
socal-fire_00000316_pre_disaster.png,0.0,0.0,0.0,0.0,0.0,0.0
socal-fire_00000324_pre_disaster.png,0.0,0.0,0.0,0.0,0.0,0.0
socal-fire_00000326_pre_disaster.png,0.0,0.0,0.0,0.0,0.0,0.0
socal-fire_00000338_pre_disaster.png,0.5229858898497952,0.3487404668361451,4239.0,2216.937187073282,1478.3108389184192,738.6263481548629
socal-fire_00000342_pre_disaster.png,0.0,0.0,0.0,0.0,0.0,0.0
socal-fire_00000344_pre_disaster.png,0.0,0.0,0.0,0.0,0.0,0.0
socal-fire_00000345_pre_disaster.png,0.7709521720052654,0.6979666760802034,5933.0,4574.05923650724,4141.036289183847,433.02294732339305
socal-fire_00000350_pre_disaster.png,0.520812685827552,0.38505050505050503,1700.0,885.3815659068384,654.5858585858585,230.7957073209799
socal-fire_00000355_pre_disaster.png,0.7718882303132938,0.6968876860622463,4854.0,3746.745469940728,3382.6928281461433,364.0526417945848
socal-fire_00000362_pre_disaster.png,0.0,0.0,0.0,0.0,0.0,0.0
socal-fire_00000365_pre_disaster.png,0.5844017094017094,0.3940868263473054,2488.0,1453.9914529914531,980.4880239520959,473.50342903935723
socal-fire_00000368_pre_disaster.png,0.5110722610722611,0.43804537521815007,3179.0,1624.698717948718,1392.546247818499,232.15247013021894
socal-fire_00000380_pre_disaster.png,0.0,0.0,0.0,0.0,0.0,0.0
socal-fire_00000382_pre_disaster.png,0.0,0.0,366.0,0.0,0.0,0.0
socal-fire_00000395_pre_disaster.png,0.31025299600532624,0.0,583.0,180.8774966711052,0.0,180.8774966711052
socal-fire_00000404_pre_disaster.png,0.7029840388619014,0.6020809248554914,3743.0,2631.269257460097,2253.588901734104,377.68035572599274
socal-fire_00000406_pre_disaster.png,0.0,0.0,0.0,0.0,0.0,0.0
socal-fire_00000407_pre_disaster.png,0.0,0.0,0.0,0.0,0.0,0.0
socal-fire_00000413_pre_disaster.png,0.6851532153646958,0.6237869312055208,8581.0,5879.299741044454,5352.715656674573,526.5840843698807
socal-fire_00000418_pre_disaster.png,0.0,0.0,0.0,0.0,0.0,0.0
socal-fire_00000424_pre_disaster.png,0.0,0.0,0.0,0.0,0.0,0.0
socal-fire_00000428_pre_disaster.png,0.7744951383694839,0.6735894773277951,2402.0,1860.3373223635003,1617.9619245413637,242.37539782213662
socal-fire_00000437_pre_disaster.png,0.0,0.0,0.0,0.0,0.0,0.0
socal-fire_00000440_pre_disaster.png,0.0,0.0,0.0,0.0,0.0,0.0
socal-fire_00000441_pre_disaster.png,0.0,0.0,0.0,0.0,0.0,0.0
socal-fire_00000444_pre_disaster.png,0.0,0.0,0.0,0.0,0.0,0.0
socal-fire_00000452_pre_disaster.png,0.0,0.0,0.0,0.0,0.0,0.0
socal-fire_00000453_pre_disaster.png,0.6696156034973356,0.5482302973100519,15947.0,10678.36002897201,8742.628551203397,1935.7314777686133
socal-fire_00000458_pre_disaster.png,0.0,0.0,0.0,0.0,0.0,0.0
socal-fire_00000459_pre_disaster.png,0.6172839506172839,0.6134648868253048,1558.0,961.7283950617283,955.7782936738248,5.950101387903487
socal-fire_00000463_pre_disaster.png,0.5525346927216086,0.4600464783696818,9719.0,5370.084678561314,4471.191723274937,898.8929552863765
socal-fire_00000476_pre_disaster.png,0.6307162195422102,0.5983374177117871,19745.0,12453.491754860941,11814.172312719236,639.3194421417047
socal-fire_00000479_pre_disaster.png,0.6177992703826249,0.5633045318286016,9191.0,5678.193094086706,5177.331952036678,500.8611420500283
socal-fire_00000481_pre_disaster.png,0.0,0.0,0.0,0.0,0.0,0.0
socal-fire_00000487_pre_disaster.png,0.58035963849809,0.4493312988062113,8273.0,4801.315289294699,3717.3178350237863,1083.9974542709128
socal-fire_00000490_pre_disaster.png,0.7626236484932137,0.6683925497823988,64078.0,48867.39814814815,42829.25780495655,6038.140343191604
socal-fire_00000491_pre_disaster.png,0.17829457364341086,0.0,129.0,23.0,0.0,23.0
socal-fire_00000512_pre_disaster.png,0.777083739996096,0.6822793695360858,13152.0,10220.205348428655,8973.338268138601,1246.8670802900542
socal-fire_00000523_pre_disaster.png,0.0,0.0,0.0,0.0,0.0,0.0
socal-fire_00000526_pre_disaster.png,0.772814721873693,0.6830490663648856,11356.0,8776.083981597658,7756.705197639641,1019.3787839580173
socal-fire_00000527_pre_disaster.png,0.0,0.0,0.0,0.0,0.0,0.0
socal-fire_00000532_pre_disaster.png,0.40175134719014627,0.13731310466138963,8945.0,3593.665800615858,1228.2657211961302,2365.400079419728
socal-fire_00000539_pre_disaster.png,0.0,0.0,0.0,0.0,0.0,0.0
socal-fire_00000542_pre_disaster.png,0.7929845422116528,0.7226658526004596,54701.0,43377.04744351962,39530.54480309774,3846.5026404218806
socal-fire_00000548_pre_disaster.png,0.0,0.0,0.0,0.0,0.0,0.0
socal-fire_00000555_pre_disaster.png,0.6321552055320784,0.36240689925519404,4945.0,3126.0074913561275,1792.1021168169345,1333.905374539193
socal-fire_00000557_pre_disaster.png,0.7210965435041716,0.0,784.0,565.3396901072706,0.0,565.3396901072706
socal-fire_00000561_pre_disaster.png,0.6233766233766234,0.05863192182410423,614.0,382.75324675324674,36.0,346.75324675324674
socal-fire_00000562_pre_disaster.png,0.5448745214802212,0.49009083402146986,2249.0,1225.4227988090174,1102.2142857142858,123.20851309473164
socal-fire_00000567_pre_disaster.png,0.0,0.0,11.0,0.0,0.0,0.0
socal-fire_00000570_pre_disaster.png,0.0,0.0,0.0,0.0,0.0,0.0
socal-fire_00000575_pre_disaster.png,0.7647058823529411,0.4560669456066946,211.0,161.35294117647058,96.23012552301256,65.12281565345802
socal-fire_00000582_pre_disaster.png,0.5638506876227898,0.35812133072407043,507.0,285.8722986247544,181.5675146771037,104.30478394765072
socal-fire_00000595_pre_disaster.png,0.5642346208869814,0.3988121752041574,6458.0,3643.827181688126,2575.5290274684485,1068.2981542196776
socal-fire_00000597_pre_disaster.png,0.0,0.0,0.0,0.0,0.0,0.0
socal-fire_00000604_pre_disaster.png,0.7257844474761255,0.5830618892508144,1306.0,947.8744884038199,761.4788273615636,186.39566104225628
socal-fire_00000610_pre_disaster.png,0.5891069283139768,0.4624480664749121,2270.0,1337.2727272727275,1049.7571108980505,287.51561637467694
socal-fire_00000616_pre_disaster.png,0.6469330855018587,0.5676791777553455,9658.0,6248.079739776951,5482.645498761127,765.4342410158242
socal-fire_00000622_pre_disaster.png,0.0,0.0,0.0,0.0,0.0,0.0
socal-fire_00000627_pre_disaster.png,0.0,0.0,348.0,0.0,0.0,0.0
socal-fire_00000630_pre_disaster.png,0.7102449888641426,0.6153557935491929,27632.0,19625.48953229399,17003.5112873513,2621.9782449426893
socal-fire_00000641_pre_disaster.png,0.6865898827946624,0.5787380040773706,18630.0,12791.16951646456,10781.889015961415,2009.280500503146
socal-fire_00000645_pre_disaster.png,0.0,0.0,0.0,0.0,0.0,0.0
socal-fire_00000648_pre_disaster.png,0.7186671560830377,0.6561217097319488,21506.0,15455.655858721808,14110.55348949529,1345.102369226517
socal-fire_00000658_pre_disaster.png,0.7529845787218441,0.6255552708012985,39139.0,29471.063426594257,24483.607743892022,4987.455682702235
socal-fire_00000664_pre_disaster.png,0.0,0.0,0.0,0.0,0.0,0.0
socal-fire_00000667_pre_disaster.png,0.7886244262527801,0.7286147902869757,19657.0,15501.990346850898,14322.380932671082,1179.6094141798167
socal-fire_00000670_pre_disaster.png,0.5756521739130435,0.4109127652408218,2739.0,1576.711304347826,1125.4900639946109,451.2212403532151
socal-fire_00000673_pre_disaster.png,0.600942655145326,0.47099447513812154,1148.0,689.8821681068342,540.7016574585635,149.18051064827068
socal-fire_00000682_pre_disaster.png,0.27889273356401384,0.181169757489301,1400.0,390.4498269896194,253.6376604850214,136.812166504598
socal-fire_00000683_pre_disaster.png,0.7922112563350227,0.701069385724944,3590.0,2844.0384102427315,2516.839094752549,327.19931549018247
socal-fire_00000687_pre_disaster.png,0.0,0.0,0.0,0.0,0.0,0.0
socal-fire_00000690_pre_disaster.png,0.0,0.0,0.0,0.0,0.0,0.0
socal-fire_00000703_pre_disaster.png,0.7067716820568531,0.6138146242725816,9380.0,6629.518377693283,5757.581175676815,871.9372020164674
socal-fire_00000711_pre_disaster.png,0.0,0.0,0.0,0.0,0.0,0.0
socal-fire_00000712_pre_disaster.png,0.8664482559259973,0.8141051582977928,58369.0,50573.718250144535,47518.50398468387,3055.214265460665
socal-fire_00000716_pre_disaster.png,0.48159722222222223,0.4546328951587047,2373.0,1142.8302083333333,1078.8438602116062,63.98634812172713
socal-fire_00000717_pre_disaster.png,0.5853658536585366,0.38752783964365256,429.0,251.12195121951217,166.24944320712694,84.87250801238523
socal-fire_00000720_pre_disaster.png,0.0,0.0,0.0,0.0,0.0,0.0
socal-fire_00000722_pre_disaster.png,0.0,0.0,0.0,0.0,0.0,0.0
socal-fire_00000728_pre_disaster.png,0.0,0.0,0.0,0.0,0.0,0.0
socal-fire_00000729_pre_disaster.png,0.0,0.0,0.0,0.0,0.0,0.0
socal-fire_00000730_pre_disaster.png,0.0,0.0,0.0,0.0,0.0,0.0
socal-fire_00000733_pre_disaster.png,0.8047329136999966,0.7429219351291919,51795.0,41681.14126509132,38479.64163001649,3201.499635074826
socal-fire_00000735_pre_disaster.png,0.0,0.0,0.0,0.0,0.0,0.0
socal-fire_00000736_pre_disaster.png,0.0,0.0,0.0,0.0,0.0,0.0
socal-fire_00000737_pre_disaster.png,0.0,0.0,0.0,0.0,0.0,0.0
socal-fire_00000743_pre_disaster.png,0.0,0.0,0.0,0.0,0.0,0.0
socal-fire_00000746_pre_disaster.png,0.0,0.0,0.0,0.0,0.0,0.0
socal-fire_00000750_pre_disaster.png,0.0,0.0,0.0,0.0,0.0,0.0
socal-fire_00000754_pre_disaster.png,0.0,0.0,0.0,0.0,0.0,0.0
socal-fire_00000759_pre_disaster.png,0.0,0.0,0.0,0.0,0.0,0.0
socal-fire_00000761_pre_disaster.png,0.0,0.0,0.0,0.0,0.0,0.0
socal-fire_00000768_pre_disaster.png,0.0,0.0,0.0,0.0,0.0,0.0
socal-fire_00000773_pre_disaster.png,0.0,0.0,0.0,0.0,0.0,0.0
socal-fire_00000777_pre_disaster.png,0.0,0.0,0.0,0.0,0.0,0.0
socal-fire_00000784_pre_disaster.png,0.0,0.0,0.0,0.0,0.0,0.0
socal-fire_00000786_pre_disaster.png,0.0,0.0,0.0,0.0,0.0,0.0
socal-fire_00000796_pre_disaster.png,0.85114368461493,0.7642095914742452,31818.0,27081.689757077842,24315.620781527534,2766.068975550308
socal-fire_00000797_pre_disaster.png,0.0,0.0,0.0,0.0,0.0,0.0
socal-fire_00000800_pre_disaster.png,0.7944963393082555,0.7111761710794298,7146.0,5677.470840696794,5082.064918533605,595.4059221631887
socal-fire_00000802_pre_disaster.png,0.0,0.0,0.0,0.0,0.0,0.0
socal-fire_00000803_pre_disaster.png,0.5911852538358563,0.49725175938768174,17384.0,10277.164452682526,8644.22458519546,1632.9398674870663
socal-fire_00000806_pre_disaster.png,0.7774764519441096,0.7162114922438279,84219.0,65478.28930628097,60318.61566528294,5159.673640998029
socal-fire_00000808_pre_disaster.png,0.0,0.0,0.0,0.0,0.0,0.0
socal-fire_00000809_pre_disaster.png,0.7656668683550869,0.6175005457756961,42060.0,32203.948483014956,25972.07295532578,6231.875527689175
socal-fire_00000811_pre_disaster.png,0.6523809523809524,0.5736004292613128,8523.0,5560.242857142857,4888.796458594169,671.4463985486882
socal-fire_00000813_pre_disaster.png,0.0,0.0,0.0,0.0,0.0,0.0
socal-fire_00000814_pre_disaster.png,0.6947115384615384,0.6161971830985915,3006.0,2088.3028846153848,1852.288732394366,236.01415222101878
socal-fire_00000816_pre_disaster.png,0.0,0.0,0.0,0.0,0.0,0.0
socal-fire_00000818_pre_disaster.png,0.546031746031746,0.572992700729927,251.0,137.05396825396824,143.82116788321167,6.767199629243436
socal-fire_00000825_pre_disaster.png,0.0,0.0,0.0,0.0,0.0,0.0
socal-fire_00000826_pre_disaster.png,0.834115098427051,0.706427955133736,48528.0,40477.93749646793,34281.53580672994,6196.401689737992
socal-fire_00000829_pre_disaster.png,0.0,0.0,0.0,0.0,0.0,0.0
socal-fire_00000832_pre_disaster.png,0.7659509287882585,0.7252353510170161,66873.0,51221.436460857214,48498.66362856091,2722.772832296301
socal-fire_00000836_pre_disaster.png,0.0,0.0,0.0,0.0,0.0,0.0
socal-fire_00000837_pre_disaster.png,0.3039772727272727,0.1297709923664122,244.0,74.17045454545455,31.66412213740458,42.50633240804997
socal-fire_00000846_pre_disaster.png,0.7975510204081633,0.7464788732394366,1197.0,954.6685714285715,893.5352112676056,61.13336016096582
socal-fire_00000848_pre_disaster.png,0.5310445580715851,0.46614173228346456,1198.0,636.191380569759,558.4377952755906,77.75358529416837
socal-fire_00000856_pre_disaster.png,0.824532949612214,0.7641491884853276,75818.0,62514.43917369884,57936.26317258057,4578.1760011182705
socal-fire_00000860_pre_disaster.png,0.0,0.0,0.0,0.0,0.0,0.0
socal-fire_00000863_pre_disaster.png,0.0,0.0,0.0,0.0,0.0,0.0
socal-fire_00000869_pre_disaster.png,0.55,0.0,72.0,39.6,0.0,39.6
socal-fire_00000870_pre_disaster.png,0.759719222462203,0.6418848167539267,1741.0,1322.6711663066956,1117.5214659685864,205.14970033810914
socal-fire_00000872_pre_disaster.png,0.0,0.0,0.0,0.0,0.0,0.0
socal-fire_00000896_pre_disaster.png,0.6057536466774717,0.2111010009099181,2195.0,1329.6292544570504,463.3666969972702,866.2625574597802
socal-fire_00000899_pre_disaster.png,0.7342783303312711,0.6508617266301326,11110.0,8157.832249980422,7231.0737828607735,926.7584671196482
socal-fire_00000900_pre_disaster.png,0.4623541887592789,0.3462414578587699,775.0,358.32449628844114,268.3371298405467,89.98736644789443
socal-fire_00000902_pre_disaster.png,0.7131699943314228,0.6133244798583444,28395.0,20250.461989040752,17415.34860557769,2835.1133834630637
socal-fire_00000911_pre_disaster.png,0.7208040201005025,0.48789571694599626,4356.0,3139.822311557789,2125.27374301676,1014.548568541029
socal-fire_00000918_pre_disaster.png,0.0,0.0,0.0,0.0,0.0,0.0
socal-fire_00000919_pre_disaster.png,0.0,0.0,0.0,0.0,0.0,0.0
socal-fire_00000920_pre_disaster.png,0.5703661327231121,0.49162333911034084,1623.0,925.7042334096109,797.9046793760832,127.79955403352767
socal-fire_00000924_pre_disaster.png,0.09433962264150944,0.0,153.0,14.433962264150944,0.0,14.433962264150944
socal-fire_00000925_pre_disaster.png,0.4327909444640962,0.3136020151133501,10830.0,4687.125928546162,3396.309823677582,1290.8161048685802
socal-fire_00000936_pre_disaster.png,0.3588235294117647,0.3089700996677741,273.0,97.95882352941176,84.34883720930233,13.609986320109428
socal-fire_00000941_pre_disaster.png,0.7274076072295657,0.6323863636363637,6578.0,4784.887240356083,4159.837500000001,625.0497403560821
socal-fire_00000943_pre_disaster.png,0.0,0.0,0.0,0.0,0.0,0.0
socal-fire_00000948_pre_disaster.png,0.8252802473908002,0.7407952871870398,2435.0,2009.5574023965985,1803.8365243004419,205.72087809615664
socal-fire_00000954_pre_disaster.png,0.17647058823529413,0.12298136645962733,592.0,104.47058823529413,72.80496894409939,31.665619291194744
socal-fire_00000974_pre_disaster.png,0.6913805110623025,0.600818623688923,16920.0,11698.158247174159,10165.851112816577,1532.3071343575812
socal-fire_00000977_pre_disaster.png,0.6946696143453697,0.5472232048107535,7495.0,5206.548759518546,4101.437920056597,1105.1108394619487
socal-fire_00000981_pre_disaster.png,0.0,0.0,0.0,0.0,0.0,0.0
socal-fire_00000983_pre_disaster.png,0.0,0.0,0.0,0.0,0.0,0.0
socal-fire_00000990_pre_disaster.png,0.0,0.0,0.0,0.0,0.0,0.0
socal-fire_00000993_pre_disaster.png,0.0,0.0,0.0,0.0,0.0,0.0
socal-fire_00001002_pre_disaster.png,0.0,0.0,0.0,0.0,0.0,0.0
socal-fire_00001005_pre_disaster.png,0.0,0.0,0.0,0.0,0.0,0.0
socal-fire_00001014_pre_disaster.png,0.5809575040344271,0.4341290496275689,18669.0,10845.895642818721,8104.755227497083,2741.140415321638
socal-fire_00001015_pre_disaster.png,0.0,0.0,0.0,0.0,0.0,0.0
socal-fire_00001026_pre_disaster.png,0.0,0.0,0.0,0.0,0.0,0.0
socal-fire_00001032_pre_disaster.png,0.7775631676455517,0.7414688280290119,23150.0,18000.58733099452,17165.003368871625,835.5839621228952
socal-fire_00001034_pre_disaster.png,0.0,0.0,0.0,0.0,0.0,0.0
socal-fire_00001038_pre_disaster.png,0.0,0.0,0.0,0.0,0.0,0.0
socal-fire_00001041_pre_disaster.png,0.0,0.0,0.0,0.0,0.0,0.0
socal-fire_00001044_pre_disaster.png,0.7700209924516503,0.7114754098360656,40193.0,30949.453749609183,28596.331147540986,2353.122602068197
socal-fire_00001048_pre_disaster.png,0.6292192568327071,0.5399244822033428,25888.0,16289.22812088512,13977.564995280138,2311.6631256049823
socal-fire_00001051_pre_disaster.png,0.7678916827852998,0.6153846153846154,481.0,369.3558994197292,296.0,73.35589941972921
socal-fire_00001057_pre_disaster.png,0.0,0.0,0.0,0.0,0.0,0.0
socal-fire_00001068_pre_disaster.png,0.0,0.0,0.0,0.0,0.0,0.0
socal-fire_00001069_pre_disaster.png,0.0,0.0,0.0,0.0,0.0,0.0
socal-fire_00001076_pre_disaster.png,0.6480565371024735,0.503970223325062,3736.0,2421.139222614841,1882.8327543424318,538.3064682724091
socal-fire_00001094_pre_disaster.png,0.0,0.0,0.0,0.0,0.0,0.0
socal-fire_00001097_pre_disaster.png,0.4239766081871345,0.2195845697329377,674.0,285.7602339181287,148.0,137.76023391812868
socal-fire_00001100_pre_disaster.png,0.16129032258064516,0.0,59.0,9.516129032258064,0.0,9.516129032258064
socal-fire_00001109_pre_disaster.png,0.43529411764705883,0.0,552.0,240.28235294117647,0.0,240.28235294117647
socal-fire_00001131_pre_disaster.png,0.0,0.0,0.0,0.0,0.0,0.0
socal-fire_00001132_pre_disaster.png,0.0,0.0,0.0,0.0,0.0,0.0
socal-fire_00001139_pre_disaster.png,0.9069767441860465,0.7359855334538878,528.0,478.8837209302325,388.6003616636528,90.28335926657974
socal-fire_00001144_pre_disaster.png,0.0,0.0,0.0,0.0,0.0,0.0
socal-fire_00001145_pre_disaster.png,0.0,0.0,0.0,0.0,0.0,0.0
socal-fire_00001148_pre_disaster.png,0.6320384889522452,0.4824309788454643,5283.0,3339.0593371347118,2548.682861240588,790.3764758941238
socal-fire_00001155_pre_disaster.png,0.7209394904458599,0.7013435700575815,2440.0,1759.0923566878982,1711.2783109404988,47.814045747399405
socal-fire_00001157_pre_disaster.png,0.0,0.0,0.0,0.0,0.0,0.0
socal-fire_00001160_pre_disaster.png,0.0,0.0,0.0,0.0,0.0,0.0
socal-fire_00001161_pre_disaster.png,0.07759562841530054,0.0,107.0,8.302732240437159,0.0,8.302732240437159
socal-fire_00001173_pre_disaster.png,0.7814303455329097,0.7059433310297166,37827.0,29559.165680473376,26703.71838286109,2855.447297612285
socal-fire_00001174_pre_disaster.png,0.6876719867914144,0.5989065606361829,3143.0,2161.353054485415,1882.3633200795227,278.9897344058925
socal-fire_00001187_pre_disaster.png,0.0,0.0,0.0,0.0,0.0,0.0
socal-fire_00001190_pre_disaster.png,0.0,0.0,0.0,0.0,0.0,0.0
socal-fire_00001194_pre_disaster.png,0.0,0.0,0.0,0.0,0.0,0.0
socal-fire_00001201_pre_disaster.png,0.5508885298869144,0.2591645353793691,1126.0,620.3004846526657,291.8192668371696,328.48121781549605
socal-fire_00001209_pre_disaster.png,0.0,0.0,0.0,0.0,0.0,0.0
socal-fire_00001212_pre_disaster.png,0.0,0.0,0.0,0.0,0.0,0.0
socal-fire_00001217_pre_disaster.png,0.5527369826435247,0.35501355013550134,698.0,385.8104138851802,247.79945799457994,138.01095589060026
socal-fire_00001231_pre_disaster.png,0.0,0.0,0.0,0.0,0.0,0.0
socal-fire_00001239_pre_disaster.png,0.0,0.0,0.0,0.0,0.0,0.0
socal-fire_00001250_pre_disaster.png,0.0,0.0,0.0,0.0,0.0,0.0
socal-fire_00001276_pre_disaster.png,0.3608837970540098,0.25,1115.0,402.3854337152209,278.75,123.63543371522093
socal-fire_00001277_pre_disaster.png,0.7264562316954116,0.6166319353998437,13392.0,9728.701854864952,8257.934878874707,1470.7669759902456
socal-fire_00001280_pre_disaster.png,0.0,0.0,0.0,0.0,0.0,0.0
socal-fire_00001284_pre_disaster.png,0.0,0.0,22.0,0.0,0.0,0.0
socal-fire_00001290_pre_disaster.png,0.5179897201599086,0.40898617511520735,3193.0,1653.9411764705883,1305.892857142857,348.0483193277312
socal-fire_00001294_pre_disaster.png,0.0,0.0,0.0,0.0,0.0,0.0
socal-fire_00001295_pre_disaster.png,0.0,0.0,0.0,0.0,0.0,0.0
socal-fire_00001306_pre_disaster.png,0.0,0.0,0.0,0.0,0.0,0.0
socal-fire_00001310_pre_disaster.png,0.0,0.0,0.0,0.0,0.0,0.0
socal-fire_00001311_pre_disaster.png,0.5978332405204273,0.5338724443088191,18155.0,10853.662481648358,9692.454226426611,1161.208255221747
socal-fire_00001314_pre_disaster.png,0.0,0.0,0.0,0.0,0.0,0.0
socal-fire_00001327_pre_disaster.png,0.0,0.0,0.0,0.0,0.0,0.0
socal-fire_00001332_pre_disaster.png,0.0,0.0,0.0,0.0,0.0,0.0
socal-fire_00001336_pre_disaster.png,0.0,0.0,0.0,0.0,0.0,0.0
socal-fire_00001342_pre_disaster.png,0.0,0.0,0.0,0.0,0.0,0.0
socal-fire_00001345_pre_disaster.png,0.0,0.0,0.0,0.0,0.0,0.0
socal-fire_00001360_pre_disaster.png,0.6390933176332058,0.5499411903081628,16713.0,10681.166617603767,9191.167113620324,1489.999503983443
socal-fire_00001370_pre_disaster.png,0.0,0.0,0.0,0.0,0.0,0.0
socal-fire_00001392_pre_disaster.png,0.0,0.0,0.0,0.0,0.0,0.0
socal-fire_00001393_pre_disaster.png,0.0,0.0,0.0,0.0,0.0,0.0
socal-fire_00001401_pre_disaster.png,0.0,0.0,0.0,0.0,0.0,0.0
